Site,Parameter,Sequence,Phase,Start Time,End Time,Value,Expected Value,% Error,Drift Limit %
zNRP_cals,NO2-cal,GASCALS,SPAN,01-Mar-2016 05:30:00,01-Mar-2016 05:35:00,360,375.311,3.98, 
zNRP_cals,NO2-cal,GASCALS,PREC,01-Mar-2016 05:30:00,01-Mar-2016 05:40:00,66,70.207,5.61, 
zNRP_cals,NO2-cal,GASCALS,ZERO,01-Mar-2016 05:30:00,01-Mar-2016 05:45:00,-1,0.0,-.5, 
zNRP_cals,NO2-cal,GASCALS%,SPAN,01-Mar-2016 05:57:00,01-Mar-2016 06:02:00,-4,0.0,-3.98, 
zNRP_cals,NO2-cal,GASCALS%,PREC,01-Mar-2016 05:57:00,01-Mar-2016 06:07:04,-6,0.0,-5.61, 
zNRP_cals,NO2-cal,GASCALS%,ZERO,01-Mar-2016 05:57:00,01-Mar-2016 06:12:04,-1,0.0,-.5, 
zNRP_cals,NO-cal,GASCALS,SPAN,01-Mar-2016 05:30:00,01-Mar-2016 05:35:00,443,456.4,2.97, 
zNRP_cals,NO-cal,GASCALS,PREC,01-Mar-2016 05:30:00,01-Mar-2016 05:40:00,194,204.6,5.26, 
zNRP_cals,NO-cal,GASCALS,ZERO,01-Mar-2016 05:30:00,01-Mar-2016 05:45:00,0,0.0,.32, 
zNRP_cals,NO-cal,GASCALS%,SPAN,01-Mar-2016 05:57:00,01-Mar-2016 06:02:00,-3,0.0,-2.97, 
zNRP_cals,NO-cal,GASCALS%,PREC,01-Mar-2016 05:57:00,01-Mar-2016 06:07:04,-5,0.0,-5.26, 
zNRP_cals,NO-cal,GASCALS%,ZERO,01-Mar-2016 05:57:00,01-Mar-2016 06:12:04,0,0.0,.32, 
zNRP_cals,NOX-cal,GASCALS,SPAN,01-Mar-2016 05:30:00,01-Mar-2016 05:35:00,441,456.4,3.29, 
zNRP_cals,NOX-cal,GASCALS,PREC,01-Mar-2016 05:30:00,01-Mar-2016 05:40:00,191,204.6,6.45, 
zNRP_cals,NOX-cal,GASCALS,ZERO,01-Mar-2016 05:30:00,01-Mar-2016 05:45:00,0,0.0,-.44, 
zNRP_cals,NOX-cal,GASCALS%,SPAN,01-Mar-2016 05:57:00,01-Mar-2016 06:02:00,-3,0.0,-3.29, 
zNRP_cals,NOX-cal,GASCALS%,PREC,01-Mar-2016 05:57:00,01-Mar-2016 06:07:04,-6,0.0,-6.45, 
zNRP_cals,NOX-cal,GASCALS%,ZERO,01-Mar-2016 05:57:00,01-Mar-2016 06:12:04,0,0.0,-.44, 
zNRP_cals,NOXCON,GASCALS,SPAN,01-Mar-2016 05:30:00,01-Mar-2016 05:35:00,97,100,2.54, 
zNRP_cals,NOXCON,GASCALS,PREC,01-Mar-2016 05:30:00,01-Mar-2016 05:40:00,99,100,.91, 
zNRP_cals,NOXCON,GASCALS,ZERO,01-Mar-2016 05:30:00,01-Mar-2016 05:45:00,98,100,1.73, 
zNRP_cals,O3-cal,GASCALS,SPAN,01-Mar-2016 05:30:00,01-Mar-2016 05:35:00,349,348,.38, 
zNRP_cals,O3-cal,GASCALS,PREC,01-Mar-2016 05:30:00,01-Mar-2016 05:40:00,67,67,.44, 
zNRP_cals,O3-cal,GASCALS,ZERO,01-Mar-2016 05:30:00,01-Mar-2016 05:45:00,1,0.0,.83, 
zNRP_cals,O3-cal,GASCALS%,SPAN,01-Mar-2016 05:57:00,01-Mar-2016 06:02:00,0,0.0,.38, 
zNRP_cals,O3-cal,GASCALS%,PREC,01-Mar-2016 05:57:00,01-Mar-2016 06:07:04,0,0.0,-.44, 
zNRP_cals,O3-cal,GASCALS%,ZERO,01-Mar-2016 05:57:00,01-Mar-2016 06:12:04,1,0.0,.83, 
zNRP_cals,NO2-cal,GASCALS,SPAN,02-Mar-2016 05:30:00,02-Mar-2016 05:35:00,361,373.136,3.35, 
zNRP_cals,NO2-cal,GASCALS,PREC,02-Mar-2016 05:30:00,02-Mar-2016 05:40:00,67,69.472,3.42, 
zNRP_cals,NO2-cal,GASCALS,ZERO,02-Mar-2016 05:30:00,02-Mar-2016 05:45:00,-1,0.0,-.53, 
zNRP_cals,NO2-cal,GASCALS%,SPAN,02-Mar-2016 05:57:00,02-Mar-2016 06:02:00,-3,0.0,-3.35, 
zNRP_cals,NO2-cal,GASCALS%,PREC,02-Mar-2016 05:57:00,02-Mar-2016 06:07:05,-3,0.0,-3.42, 
zNRP_cals,NO2-cal,GASCALS%,ZERO,02-Mar-2016 05:57:00,02-Mar-2016 06:12:04,-1,0.0,-.53, 
zNRP_cals,NO-cal,GASCALS,SPAN,02-Mar-2016 05:30:00,02-Mar-2016 05:35:00,443,456.4,2.9, 
zNRP_cals,NO-cal,GASCALS,PREC,02-Mar-2016 05:30:00,02-Mar-2016 05:40:00,194,204.6,5.29, 
zNRP_cals,NO-cal,GASCALS,ZERO,02-Mar-2016 05:30:00,02-Mar-2016 05:45:00,0,0.0,.06, 
zNRP_cals,NO-cal,GASCALS%,SPAN,02-Mar-2016 05:57:00,02-Mar-2016 06:02:00,-3,0.0,-2.9, 
zNRP_cals,NO-cal,GASCALS%,PREC,02-Mar-2016 05:57:00,02-Mar-2016 06:07:05,-5,0.0,-5.29, 
zNRP_cals,NO-cal,GASCALS%,ZERO,02-Mar-2016 05:57:00,02-Mar-2016 06:12:04,0,0.0,.06, 
zNRP_cals,NOX-cal,GASCALS,SPAN,02-Mar-2016 05:30:00,02-Mar-2016 05:35:00,442,456.4,3.24, 
zNRP_cals,NOX-cal,GASCALS,PREC,02-Mar-2016 05:30:00,02-Mar-2016 05:40:00,192,204.6,6.14, 
zNRP_cals,NOX-cal,GASCALS,ZERO,02-Mar-2016 05:30:00,02-Mar-2016 05:45:00,-1,0.0,-.62, 
zNRP_cals,NOX-cal,GASCALS%,SPAN,02-Mar-2016 05:57:00,02-Mar-2016 06:02:00,-3,0.0,-3.24, 
zNRP_cals,NOX-cal,GASCALS%,PREC,02-Mar-2016 05:57:00,02-Mar-2016 06:07:05,-6,0.0,-6.14, 
zNRP_cals,NOX-cal,GASCALS%,ZERO,02-Mar-2016 05:57:00,02-Mar-2016 06:12:04,-1,0.0,-.62, 
zNRP_cals,NOXCON,GASCALS,SPAN,02-Mar-2016 05:30:00,02-Mar-2016 05:35:00,98,100,1.91, 
zNRP_cals,NOXCON,GASCALS,PREC,02-Mar-2016 05:30:00,02-Mar-2016 05:40:00,100,100,.04, 
zNRP_cals,NOXCON,GASCALS,ZERO,02-Mar-2016 05:30:00,02-Mar-2016 05:45:00,99,100,.94, 
zNRP_cals,O3-cal,GASCALS,SPAN,02-Mar-2016 05:30:00,02-Mar-2016 05:35:00,350,348,.48, 
zNRP_cals,O3-cal,GASCALS,PREC,02-Mar-2016 05:30:00,02-Mar-2016 05:40:00,66,67,1.33, 
zNRP_cals,O3-cal,GASCALS,ZERO,02-Mar-2016 05:30:00,02-Mar-2016 05:45:00,0,0.0,.49, 
zNRP_cals,O3-cal,GASCALS%,SPAN,02-Mar-2016 05:57:00,02-Mar-2016 06:02:00,0,0.0,.48, 
zNRP_cals,O3-cal,GASCALS%,PREC,02-Mar-2016 05:57:00,02-Mar-2016 06:07:05,-1,0.0,-1.33, 
zNRP_cals,O3-cal,GASCALS%,ZERO,02-Mar-2016 05:57:00,02-Mar-2016 06:12:04,0,0.0,.49, 
zNRP_cals,NO2-cal,GASCALS,SPAN,03-Mar-2016 05:30:00,03-Mar-2016 05:35:00,393,387.492,1.44, 
zNRP_cals,NO2-cal,GASCALS,PREC,03-Mar-2016 05:30:00,03-Mar-2016 05:40:00,100,96.333,4.18, 
zNRP_cals,NO2-cal,GASCALS,ZERO,03-Mar-2016 05:30:00,03-Mar-2016 05:45:00,0,0.0,-.05, 
zNRP_cals,NO2-cal,GASCALS%,SPAN,03-Mar-2016 05:57:00,03-Mar-2016 06:02:00,1,0.0,1.44, 
zNRP_cals,NO2-cal,GASCALS%,PREC,03-Mar-2016 05:57:00,03-Mar-2016 06:07:05,4,0.0,4.18, 
zNRP_cals,NO2-cal,GASCALS%,ZERO,03-Mar-2016 05:57:00,03-Mar-2016 06:12:05,0,0.0,-.05, 
zNRP_cals,NO-cal,GASCALS,SPAN,03-Mar-2016 05:30:00,03-Mar-2016 05:35:00,464,456.4,1.61, 
zNRP_cals,NO-cal,GASCALS,PREC,03-Mar-2016 05:30:00,03-Mar-2016 05:40:00,203,204.6,1.03, 
zNRP_cals,NO-cal,GASCALS,ZERO,03-Mar-2016 05:30:00,03-Mar-2016 05:45:00,0,0.0,.43, 
zNRP_cals,NO-cal,GASCALS%,SPAN,03-Mar-2016 05:57:00,03-Mar-2016 06:02:00,2,0.0,1.61, 
zNRP_cals,NO-cal,GASCALS%,PREC,03-Mar-2016 05:57:00,03-Mar-2016 06:07:05,-1,0.0,-1.03, 
zNRP_cals,NO-cal,GASCALS%,ZERO,03-Mar-2016 05:57:00,03-Mar-2016 06:12:05,0,0.0,.43, 
zNRP_cals,NOX-cal,GASCALS,SPAN,03-Mar-2016 05:30:00,03-Mar-2016 05:35:00,463,456.4,1.48, 
zNRP_cals,NOX-cal,GASCALS,PREC,03-Mar-2016 05:30:00,03-Mar-2016 05:40:00,203,204.6,.82, 
zNRP_cals,NOX-cal,GASCALS,ZERO,03-Mar-2016 05:30:00,03-Mar-2016 05:45:00,0,0.0,.45, 
zNRP_cals,NOX-cal,GASCALS%,SPAN,03-Mar-2016 05:57:00,03-Mar-2016 06:02:00,1,0.0,1.48, 
zNRP_cals,NOX-cal,GASCALS%,PREC,03-Mar-2016 05:57:00,03-Mar-2016 06:07:05,-1,0.0,-.82, 
zNRP_cals,NOX-cal,GASCALS%,ZERO,03-Mar-2016 05:57:00,03-Mar-2016 06:12:05,0,0.0,.45, 
zNRP_cals,NOXCON,GASCALS,SPAN,03-Mar-2016 05:30:00,03-Mar-2016 05:35:00,98,100,2.11, 
zNRP_cals,NOXCON,GASCALS,PREC,03-Mar-2016 05:30:00,03-Mar-2016 05:40:00,100,100,.3, 
zNRP_cals,NOXCON,GASCALS,ZERO,03-Mar-2016 05:30:00,03-Mar-2016 05:45:00,99,100,.91, 
zNRP_cals,O3-cal,GASCALS,SPAN,03-Mar-2016 05:30:00,03-Mar-2016 05:35:00,344,348,1.23, 
zNRP_cals,O3-cal,GASCALS,PREC,03-Mar-2016 05:30:00,03-Mar-2016 05:40:00,69,67,3.06, 
zNRP_cals,O3-cal,GASCALS,ZERO,03-Mar-2016 05:30:00,03-Mar-2016 05:45:00,1,0.0,.94, 
zNRP_cals,O3-cal,GASCALS%,SPAN,03-Mar-2016 05:57:00,03-Mar-2016 06:02:00,-1,0.0,-1.23, 
zNRP_cals,O3-cal,GASCALS%,PREC,03-Mar-2016 05:57:00,03-Mar-2016 06:07:05,3,0.0,3.06, 
zNRP_cals,O3-cal,GASCALS%,ZERO,03-Mar-2016 05:57:00,03-Mar-2016 06:12:05,1,0.0,.94, 
zNRP_cals,NO2-cal,GASCALS,SPAN,04-Mar-2016 05:30:00,04-Mar-2016 05:35:00,381,374.163,1.78, 
zNRP_cals,NO2-cal,GASCALS,PREC,04-Mar-2016 05:30:00,04-Mar-2016 05:40:00,73,70.795,2.53, 
zNRP_cals,NO2-cal,GASCALS,ZERO,04-Mar-2016 05:30:00,04-Mar-2016 05:45:00,0,0.0,.12, 
zNRP_cals,NO2-cal,GASCALS%,SPAN,04-Mar-2016 05:57:00,04-Mar-2016 06:02:00,2,0.0,1.78, 
zNRP_cals,NO2-cal,GASCALS%,PREC,04-Mar-2016 05:57:00,04-Mar-2016 06:07:05,3,0.0,2.53, 
zNRP_cals,NO2-cal,GASCALS%,ZERO,04-Mar-2016 05:57:00,04-Mar-2016 06:12:05,0,0.0,.12, 
zNRP_cals,NO-cal,GASCALS,SPAN,04-Mar-2016 05:30:00,04-Mar-2016 05:35:00,464,456.4,1.58, 
zNRP_cals,NO-cal,GASCALS,PREC,04-Mar-2016 05:30:00,04-Mar-2016 05:40:00,204,204.6,.28, 
zNRP_cals,NO-cal,GASCALS,ZERO,04-Mar-2016 05:30:00,04-Mar-2016 05:45:00,0,0.0,.29, 
zNRP_cals,NO-cal,GASCALS%,SPAN,04-Mar-2016 05:57:00,04-Mar-2016 06:02:00,2,0.0,1.58, 
zNRP_cals,NO-cal,GASCALS%,PREC,04-Mar-2016 05:57:00,04-Mar-2016 06:07:05,0,0.0,-.28, 
zNRP_cals,NO-cal,GASCALS%,ZERO,04-Mar-2016 05:57:00,04-Mar-2016 06:12:05,0,0.0,.29, 
zNRP_cals,NOX-cal,GASCALS,SPAN,04-Mar-2016 05:30:00,04-Mar-2016 05:35:00,463,456.4,1.55, 
zNRP_cals,NOX-cal,GASCALS,PREC,04-Mar-2016 05:30:00,04-Mar-2016 05:40:00,204,204.6,.37, 
zNRP_cals,NOX-cal,GASCALS,ZERO,04-Mar-2016 05:30:00,04-Mar-2016 05:45:00,0,0.0,.41, 
zNRP_cals,NOX-cal,GASCALS%,SPAN,04-Mar-2016 05:57:00,04-Mar-2016 06:02:00,2,0.0,1.55, 
zNRP_cals,NOX-cal,GASCALS%,PREC,04-Mar-2016 05:57:00,04-Mar-2016 06:07:05,0,0.0,-.37, 
zNRP_cals,NOX-cal,GASCALS%,ZERO,04-Mar-2016 05:57:00,04-Mar-2016 06:12:05,0,0.0,.41, 
zNRP_cals,NOXCON,GASCALS,SPAN,04-Mar-2016 05:30:00,04-Mar-2016 05:35:00,99,100,1.27, 
zNRP_cals,NOXCON,GASCALS,PREC,04-Mar-2016 05:30:00,04-Mar-2016 05:40:00,100,100,.13, 
zNRP_cals,NOXCON,GASCALS,ZERO,04-Mar-2016 05:30:00,04-Mar-2016 05:45:00,99,100,.7, 
zNRP_cals,O3-cal,GASCALS,SPAN,04-Mar-2016 05:30:00,04-Mar-2016 05:35:00,345,348,.73, 
zNRP_cals,O3-cal,GASCALS,PREC,04-Mar-2016 05:30:00,04-Mar-2016 05:40:00,66,67,2.02, 
zNRP_cals,O3-cal,GASCALS,ZERO,04-Mar-2016 05:30:00,04-Mar-2016 05:45:00,0,0.0,.43, 
zNRP_cals,O3-cal,GASCALS%,SPAN,04-Mar-2016 05:57:00,04-Mar-2016 06:02:00,-1,0.0,-.73, 
zNRP_cals,O3-cal,GASCALS%,PREC,04-Mar-2016 05:57:00,04-Mar-2016 06:07:05,-2,0.0,-2.02, 
zNRP_cals,O3-cal,GASCALS%,ZERO,04-Mar-2016 05:57:00,04-Mar-2016 06:12:05,0,0.0,.43, 
zNRP_cals,NO2-cal,GASCALS,SPAN,05-Mar-2016 05:30:00,05-Mar-2016 05:35:00,381,371.895,2.44, 
zNRP_cals,NO2-cal,GASCALS,PREC,05-Mar-2016 05:30:00,05-Mar-2016 05:40:00,73,69.707,4.89, 
zNRP_cals,NO2-cal,GASCALS,ZERO,05-Mar-2016 05:30:00,05-Mar-2016 05:45:00,0,0.0,.05, 
zNRP_cals,NO2-cal,GASCALS%,SPAN,05-Mar-2016 05:57:00,05-Mar-2016 06:02:00,2,0.0,2.44, 
zNRP_cals,NO2-cal,GASCALS%,PREC,05-Mar-2016 05:57:00,05-Mar-2016 06:07:05,5,0.0,4.89, 
zNRP_cals,NO2-cal,GASCALS%,ZERO,05-Mar-2016 05:57:00,05-Mar-2016 06:12:07,0,0.0,.05, 
zNRP_cals,NO-cal,GASCALS,SPAN,05-Mar-2016 05:30:00,05-Mar-2016 05:35:00,465,456.4,1.98, 
zNRP_cals,NO-cal,GASCALS,PREC,05-Mar-2016 05:30:00,05-Mar-2016 05:40:00,204,204.6,.49, 
zNRP_cals,NO-cal,GASCALS,ZERO,05-Mar-2016 05:30:00,05-Mar-2016 05:45:00,0,0.0,.21, 
zNRP_cals,NO-cal,GASCALS%,SPAN,05-Mar-2016 05:57:00,05-Mar-2016 06:02:00,2,0.0,1.98, 
zNRP_cals,NO-cal,GASCALS%,PREC,05-Mar-2016 05:57:00,05-Mar-2016 06:07:05,0,0.0,-.49, 
zNRP_cals,NO-cal,GASCALS%,ZERO,05-Mar-2016 05:57:00,05-Mar-2016 06:12:07,0,0.0,.21, 
zNRP_cals,NOX-cal,GASCALS,SPAN,05-Mar-2016 05:30:00,05-Mar-2016 05:35:00,464,456.4,1.65, 
zNRP_cals,NOX-cal,GASCALS,PREC,05-Mar-2016 05:30:00,05-Mar-2016 05:40:00,204,204.6,.33, 
zNRP_cals,NOX-cal,GASCALS,ZERO,05-Mar-2016 05:30:00,05-Mar-2016 05:45:00,0,0.0,.33, 
zNRP_cals,NOX-cal,GASCALS%,SPAN,05-Mar-2016 05:57:00,05-Mar-2016 06:02:00,2,0.0,1.65, 
zNRP_cals,NOX-cal,GASCALS%,PREC,05-Mar-2016 05:57:00,05-Mar-2016 06:07:05,0,0.0,-.33, 
zNRP_cals,NOX-cal,GASCALS%,ZERO,05-Mar-2016 05:57:00,05-Mar-2016 06:12:07,0,0.0,.33, 
zNRP_cals,NOXCON,GASCALS,SPAN,05-Mar-2016 05:30:00,05-Mar-2016 05:35:00,99,100,1.25, 
zNRP_cals,NOXCON,GASCALS,PREC,05-Mar-2016 05:30:00,05-Mar-2016 05:40:00,101,100,.53, 
zNRP_cals,NOXCON,GASCALS,ZERO,05-Mar-2016 05:30:00,05-Mar-2016 05:45:00,100,100,.36, 
zNRP_cals,O3-cal,GASCALS,SPAN,05-Mar-2016 05:30:00,05-Mar-2016 05:35:00,347,348,.37, 
zNRP_cals,O3-cal,GASCALS,PREC,05-Mar-2016 05:30:00,05-Mar-2016 05:40:00,66,67,.8, 
zNRP_cals,O3-cal,GASCALS,ZERO,05-Mar-2016 05:30:00,05-Mar-2016 05:45:00,1,0.0,.77, 
zNRP_cals,O3-cal,GASCALS%,SPAN,05-Mar-2016 05:57:00,05-Mar-2016 06:02:00,0,0.0,-.37, 
zNRP_cals,O3-cal,GASCALS%,PREC,05-Mar-2016 05:57:00,05-Mar-2016 06:07:05,-1,0.0,-.8, 
zNRP_cals,O3-cal,GASCALS%,ZERO,05-Mar-2016 05:57:00,05-Mar-2016 06:12:07,1,0.0,.77, 
zNRP_cals,NO2-cal,GASCALS,SPAN,06-Mar-2016 05:30:00,06-Mar-2016 05:35:00,383,374.666,2.19, 
zNRP_cals,NO2-cal,GASCALS,PREC,06-Mar-2016 05:30:00,06-Mar-2016 05:40:00,73,69.504,4.46, 
zNRP_cals,NO2-cal,GASCALS,ZERO,06-Mar-2016 05:30:00,06-Mar-2016 05:45:00,0,0.0,.03, 
zNRP_cals,NO2-cal,GASCALS%,SPAN,06-Mar-2016 05:57:00,06-Mar-2016 06:02:00,2,0.0,2.19, 
zNRP_cals,NO2-cal,GASCALS%,PREC,06-Mar-2016 05:57:00,06-Mar-2016 06:07:04,4,0.0,4.46, 
zNRP_cals,NO2-cal,GASCALS%,ZERO,06-Mar-2016 05:57:00,06-Mar-2016 06:12:04,0,0.0,.03, 
zNRP_cals,NO-cal,GASCALS,SPAN,06-Mar-2016 05:30:00,06-Mar-2016 05:35:00,464,456.4,1.61, 
zNRP_cals,NO-cal,GASCALS,PREC,06-Mar-2016 05:30:00,06-Mar-2016 05:40:00,203,204.6,.94, 
zNRP_cals,NO-cal,GASCALS,ZERO,06-Mar-2016 05:30:00,06-Mar-2016 05:45:00,0,0.0,.25, 
zNRP_cals,NO-cal,GASCALS%,SPAN,06-Mar-2016 05:57:00,06-Mar-2016 06:02:00,2,0.0,1.61, 
zNRP_cals,NO-cal,GASCALS%,PREC,06-Mar-2016 05:57:00,06-Mar-2016 06:07:04,-1,0.0,-.94, 
zNRP_cals,NO-cal,GASCALS%,ZERO,06-Mar-2016 05:57:00,06-Mar-2016 06:12:04,0,0.0,.25, 
zNRP_cals,NOX-cal,GASCALS,SPAN,06-Mar-2016 05:30:00,06-Mar-2016 05:35:00,464,456.4,1.58, 
zNRP_cals,NOX-cal,GASCALS,PREC,06-Mar-2016 05:30:00,06-Mar-2016 05:40:00,203,204.6,.65, 
zNRP_cals,NOX-cal,GASCALS,ZERO,06-Mar-2016 05:30:00,06-Mar-2016 05:45:00,0,0.0,.25, 
zNRP_cals,NOX-cal,GASCALS%,SPAN,06-Mar-2016 05:57:00,06-Mar-2016 06:02:00,2,0.0,1.58, 
zNRP_cals,NOX-cal,GASCALS%,PREC,06-Mar-2016 05:57:00,06-Mar-2016 06:07:04,-1,0.0,-.65, 
zNRP_cals,NOX-cal,GASCALS%,ZERO,06-Mar-2016 05:57:00,06-Mar-2016 06:12:04,0,0.0,.25, 
zNRP_cals,NOXCON,GASCALS,SPAN,06-Mar-2016 05:30:00,06-Mar-2016 05:35:00,99,100,1.48, 
zNRP_cals,NOXCON,GASCALS,PREC,06-Mar-2016 05:30:00,06-Mar-2016 05:40:00,100,100,.12, 
zNRP_cals,NOXCON,GASCALS,ZERO,06-Mar-2016 05:30:00,06-Mar-2016 05:45:00,99,100,.8, 
zNRP_cals,O3-cal,GASCALS,SPAN,06-Mar-2016 05:30:00,06-Mar-2016 05:35:00,347,348,.2, 
zNRP_cals,O3-cal,GASCALS,PREC,06-Mar-2016 05:30:00,06-Mar-2016 05:40:00,66,67,1.03, 
zNRP_cals,O3-cal,GASCALS,ZERO,06-Mar-2016 05:30:00,06-Mar-2016 05:45:00,1,0.0,.68, 
zNRP_cals,O3-cal,GASCALS%,SPAN,06-Mar-2016 05:57:00,06-Mar-2016 06:02:00,0,0.0,-.2, 
zNRP_cals,O3-cal,GASCALS%,PREC,06-Mar-2016 05:57:00,06-Mar-2016 06:07:04,-1,0.0,-1.03, 
zNRP_cals,O3-cal,GASCALS%,ZERO,06-Mar-2016 05:57:00,06-Mar-2016 06:12:04,1,0.0,.68, 
zNRP_cals,NO2-cal,GASCALS,SPAN,07-Mar-2016 05:30:00,07-Mar-2016 05:35:00,385,378.658,1.59, 
zNRP_cals,NO2-cal,GASCALS,PREC,07-Mar-2016 05:30:00,07-Mar-2016 05:40:00,71,69.965,1.79, 
zNRP_cals,NO2-cal,GASCALS,ZERO,07-Mar-2016 05:30:00,07-Mar-2016 05:45:00,0,0.0,.04, 
zNRP_cals,NO2-cal,GASCALS%,SPAN,07-Mar-2016 05:57:00,07-Mar-2016 06:02:00,2,0.0,1.59, 
zNRP_cals,NO2-cal,GASCALS%,PREC,07-Mar-2016 05:57:00,07-Mar-2016 06:07:03,2,0.0,1.79, 
zNRP_cals,NO2-cal,GASCALS%,ZERO,07-Mar-2016 05:57:00,07-Mar-2016 06:12:03,0,0.0,.04, 
zNRP_cals,NO-cal,GASCALS,SPAN,07-Mar-2016 05:30:00,07-Mar-2016 05:35:00,464,456.4,1.65, 
zNRP_cals,NO-cal,GASCALS,PREC,07-Mar-2016 05:30:00,07-Mar-2016 05:40:00,204,204.6,.49, 
zNRP_cals,NO-cal,GASCALS,ZERO,07-Mar-2016 05:30:00,07-Mar-2016 05:45:00,0,0.0,.18, 
zNRP_cals,NO-cal,GASCALS%,SPAN,07-Mar-2016 05:57:00,07-Mar-2016 06:02:00,2,0.0,1.65, 
zNRP_cals,NO-cal,GASCALS%,PREC,07-Mar-2016 05:57:00,07-Mar-2016 06:07:03,0,0.0,-.49, 
zNRP_cals,NO-cal,GASCALS%,ZERO,07-Mar-2016 05:57:00,07-Mar-2016 06:12:03,0,0.0,.18, 
zNRP_cals,NOX-cal,GASCALS,SPAN,07-Mar-2016 05:30:00,07-Mar-2016 05:35:00,463,456.4,1.51, 
zNRP_cals,NOX-cal,GASCALS,PREC,07-Mar-2016 05:30:00,07-Mar-2016 05:40:00,203,204.6,.99, 
zNRP_cals,NOX-cal,GASCALS,ZERO,07-Mar-2016 05:30:00,07-Mar-2016 05:45:00,0,0.0,.22, 
zNRP_cals,NOX-cal,GASCALS%,SPAN,07-Mar-2016 05:57:00,07-Mar-2016 06:02:00,2,0.0,1.51, 
zNRP_cals,NOX-cal,GASCALS%,PREC,07-Mar-2016 05:57:00,07-Mar-2016 06:07:03,-1,0.0,-.99, 
zNRP_cals,NOX-cal,GASCALS%,ZERO,07-Mar-2016 05:57:00,07-Mar-2016 06:12:03,0,0.0,.22, 
zNRP_cals,NOXCON,GASCALS,SPAN,07-Mar-2016 05:30:00,07-Mar-2016 05:35:00,98,100,1.72, 
zNRP_cals,NOXCON,GASCALS,PREC,07-Mar-2016 05:30:00,07-Mar-2016 05:40:00,100,100,.16, 
zNRP_cals,NOXCON,GASCALS,ZERO,07-Mar-2016 05:30:00,07-Mar-2016 05:45:00,99,100,.94, 
zNRP_cals,O3-cal,GASCALS,SPAN,07-Mar-2016 05:30:00,07-Mar-2016 05:35:00,349,348,.28, 
zNRP_cals,O3-cal,GASCALS,PREC,07-Mar-2016 05:30:00,07-Mar-2016 05:40:00,67,67,.35, 
zNRP_cals,O3-cal,GASCALS,ZERO,07-Mar-2016 05:30:00,07-Mar-2016 05:45:00,1,0.0,.94, 
zNRP_cals,O3-cal,GASCALS%,SPAN,07-Mar-2016 05:57:00,07-Mar-2016 06:02:00,0,0.0,.28, 
zNRP_cals,O3-cal,GASCALS%,PREC,07-Mar-2016 05:57:00,07-Mar-2016 06:07:03,0,0.0,-.35, 
zNRP_cals,O3-cal,GASCALS%,ZERO,07-Mar-2016 05:57:00,07-Mar-2016 06:12:03,1,0.0,.94, 
zNRP_cals,NO2-cal,GASCALS,SPAN,08-Mar-2016 05:30:00,08-Mar-2016 05:35:00,381,376.407,1.25, 
zNRP_cals,NO2-cal,GASCALS,PREC,08-Mar-2016 05:30:00,08-Mar-2016 05:40:00,71,70.51,.52, 
zNRP_cals,NO2-cal,GASCALS,ZERO,08-Mar-2016 05:30:00,08-Mar-2016 05:45:00,0,0.0,.14, 
zNRP_cals,NO2-cal,GASCALS%,SPAN,08-Mar-2016 05:57:00,08-Mar-2016 06:02:00,1,0.0,1.25, 
zNRP_cals,NO2-cal,GASCALS%,PREC,08-Mar-2016 05:57:00,08-Mar-2016 06:07:05,1,0.0,.52, 
zNRP_cals,NO2-cal,GASCALS%,ZERO,08-Mar-2016 05:57:00,08-Mar-2016 06:12:05,0,0.0,.14, 
zNRP_cals,NO-cal,GASCALS,SPAN,08-Mar-2016 05:30:00,08-Mar-2016 05:35:00,462,456.4,1.2, 
zNRP_cals,NO-cal,GASCALS,PREC,08-Mar-2016 05:30:00,08-Mar-2016 05:40:00,203,204.6,.94, 
zNRP_cals,NO-cal,GASCALS,ZERO,08-Mar-2016 05:30:00,08-Mar-2016 05:45:00,0,0.0,.31, 
zNRP_cals,NO-cal,GASCALS%,SPAN,08-Mar-2016 05:57:00,08-Mar-2016 06:02:00,1,0.0,1.2, 
zNRP_cals,NO-cal,GASCALS%,PREC,08-Mar-2016 05:57:00,08-Mar-2016 06:07:05,-1,0.0,-.94, 
zNRP_cals,NO-cal,GASCALS%,ZERO,08-Mar-2016 05:57:00,08-Mar-2016 06:12:05,0,0.0,.31, 
zNRP_cals,NOX-cal,GASCALS,SPAN,08-Mar-2016 05:30:00,08-Mar-2016 05:35:00,460,456.4,.86, 
zNRP_cals,NOX-cal,GASCALS,PREC,08-Mar-2016 05:30:00,08-Mar-2016 05:40:00,202,204.6,1.29, 
zNRP_cals,NOX-cal,GASCALS,ZERO,08-Mar-2016 05:30:00,08-Mar-2016 05:45:00,0,0.0,.47, 
zNRP_cals,NOX-cal,GASCALS%,SPAN,08-Mar-2016 05:57:00,08-Mar-2016 06:02:00,1,0.0,.86, 
zNRP_cals,NOX-cal,GASCALS%,PREC,08-Mar-2016 05:57:00,08-Mar-2016 06:07:05,-1,0.0,-1.29, 
zNRP_cals,NOX-cal,GASCALS%,ZERO,08-Mar-2016 05:57:00,08-Mar-2016 06:12:05,0,0.0,.47, 
zNRP_cals,NOXCON,GASCALS,SPAN,08-Mar-2016 05:30:00,08-Mar-2016 05:35:00,99,100,1.27, 
zNRP_cals,NOXCON,GASCALS,PREC,08-Mar-2016 05:30:00,08-Mar-2016 05:40:00,99,100,1.26, 
zNRP_cals,NOXCON,GASCALS,ZERO,08-Mar-2016 05:30:00,08-Mar-2016 05:45:00,99,100,1.27, 
zNRP_cals,O3-cal,GASCALS,SPAN,08-Mar-2016 05:30:00,08-Mar-2016 05:35:00,349,348,.3, 
zNRP_cals,O3-cal,GASCALS,PREC,08-Mar-2016 05:30:00,08-Mar-2016 05:40:00,67,67,.6, 
zNRP_cals,O3-cal,GASCALS,ZERO,08-Mar-2016 05:30:00,08-Mar-2016 05:45:00,0,0.0,.45, 
zNRP_cals,O3-cal,GASCALS%,SPAN,08-Mar-2016 05:57:00,08-Mar-2016 06:02:00,0,0.0,.3, 
zNRP_cals,O3-cal,GASCALS%,PREC,08-Mar-2016 05:57:00,08-Mar-2016 06:07:05,-1,0.0,-.6, 
zNRP_cals,O3-cal,GASCALS%,ZERO,08-Mar-2016 05:57:00,08-Mar-2016 06:12:05,0,0.0,.45, 
zNRP_cals,NO2-cal,GASCALS,SPAN,09-Mar-2016 05:30:00,09-Mar-2016 05:35:00,377,371.56,1.35, 
zNRP_cals,NO2-cal,GASCALS,PREC,09-Mar-2016 05:30:00,09-Mar-2016 05:40:00,70,68.841,1.17, 
zNRP_cals,NO2-cal,GASCALS,ZERO,09-Mar-2016 05:30:00,09-Mar-2016 05:45:00,0,0.0,.04, 
zNRP_cals,NO2-cal,GASCALS%,SPAN,09-Mar-2016 05:57:00,09-Mar-2016 06:02:00,1,0.0,1.35, 
zNRP_cals,NO2-cal,GASCALS%,PREC,09-Mar-2016 05:57:00,09-Mar-2016 06:07:05,1,0.0,1.17, 
zNRP_cals,NO2-cal,GASCALS%,ZERO,09-Mar-2016 05:57:00,09-Mar-2016 06:12:05,0,0.0,.04, 
zNRP_cals,NO-cal,GASCALS,SPAN,09-Mar-2016 05:30:00,09-Mar-2016 05:35:00,460,456.4,.82, 
zNRP_cals,NO-cal,GASCALS,PREC,09-Mar-2016 05:30:00,09-Mar-2016 05:40:00,201,204.6,1.72, 
zNRP_cals,NO-cal,GASCALS,ZERO,09-Mar-2016 05:30:00,09-Mar-2016 05:45:00,0,0.0,.32, 
zNRP_cals,NO-cal,GASCALS%,SPAN,09-Mar-2016 05:57:00,09-Mar-2016 06:02:00,1,0.0,.82, 
zNRP_cals,NO-cal,GASCALS%,PREC,09-Mar-2016 05:57:00,09-Mar-2016 06:07:05,-2,0.0,-1.72, 
zNRP_cals,NO-cal,GASCALS%,ZERO,09-Mar-2016 05:57:00,09-Mar-2016 06:12:05,0,0.0,.32, 
zNRP_cals,NOX-cal,GASCALS,SPAN,09-Mar-2016 05:30:00,09-Mar-2016 05:35:00,460,456.4,.79, 
zNRP_cals,NOX-cal,GASCALS,PREC,09-Mar-2016 05:30:00,09-Mar-2016 05:40:00,201,204.6,1.67, 
zNRP_cals,NOX-cal,GASCALS,ZERO,09-Mar-2016 05:30:00,09-Mar-2016 05:45:00,0,0.0,.38, 
zNRP_cals,NOX-cal,GASCALS%,SPAN,09-Mar-2016 05:57:00,09-Mar-2016 06:02:00,1,0.0,.79, 
zNRP_cals,NOX-cal,GASCALS%,PREC,09-Mar-2016 05:57:00,09-Mar-2016 06:07:05,-2,0.0,-1.67, 
zNRP_cals,NOX-cal,GASCALS%,ZERO,09-Mar-2016 05:57:00,09-Mar-2016 06:12:05,0,0.0,.38, 
zNRP_cals,NOXCON,GASCALS,SPAN,09-Mar-2016 05:30:00,09-Mar-2016 05:35:00,98,100,1.59, 
zNRP_cals,NOXCON,GASCALS,PREC,09-Mar-2016 05:30:00,09-Mar-2016 05:40:00,99,100,1.11, 
zNRP_cals,NOXCON,GASCALS,ZERO,09-Mar-2016 05:30:00,09-Mar-2016 05:45:00,99,100,1.35, 
zNRP_cals,O3-cal,GASCALS,SPAN,09-Mar-2016 05:30:00,09-Mar-2016 05:35:00,349,348,.26, 
zNRP_cals,O3-cal,GASCALS,PREC,09-Mar-2016 05:30:00,09-Mar-2016 05:40:00,66,67,1.25, 
zNRP_cals,O3-cal,GASCALS,ZERO,09-Mar-2016 05:30:00,09-Mar-2016 05:45:00,0,0.0,.39, 
zNRP_cals,O3-cal,GASCALS%,SPAN,09-Mar-2016 05:57:00,09-Mar-2016 06:02:00,0,0.0,.26, 
zNRP_cals,O3-cal,GASCALS%,PREC,09-Mar-2016 05:57:00,09-Mar-2016 06:07:05,-1,0.0,-1.25, 
zNRP_cals,O3-cal,GASCALS%,ZERO,09-Mar-2016 05:57:00,09-Mar-2016 06:12:05,0,0.0,.39, 
zNRP_cals,NO2-cal,GASCALS,SPAN,10-Mar-2016 05:30:00,10-Mar-2016 05:35:00,374,372.658,.41, 
zNRP_cals,NO2-cal,GASCALS,PREC,10-Mar-2016 05:30:00,10-Mar-2016 05:40:00,71,69.925,1.64, 
zNRP_cals,NO2-cal,GASCALS,ZERO,10-Mar-2016 05:30:00,10-Mar-2016 05:45:00,0,0.0,.13, 
zNRP_cals,NO2-cal,GASCALS%,SPAN,10-Mar-2016 05:57:00,10-Mar-2016 06:02:00,0,0.0,.41, 
zNRP_cals,NO2-cal,GASCALS%,PREC,10-Mar-2016 05:57:00,10-Mar-2016 06:07:04,2,0.0,1.64, 
zNRP_cals,NO2-cal,GASCALS%,ZERO,10-Mar-2016 05:57:00,10-Mar-2016 06:12:04,0,0.0,.13, 
zNRP_cals,NO-cal,GASCALS,SPAN,10-Mar-2016 05:30:00,10-Mar-2016 05:35:00,459,456.4,.67, 
zNRP_cals,NO-cal,GASCALS,PREC,10-Mar-2016 05:30:00,10-Mar-2016 05:40:00,202,204.6,1.5, 
zNRP_cals,NO-cal,GASCALS,ZERO,10-Mar-2016 05:30:00,10-Mar-2016 05:45:00,0,0.0,.29, 
zNRP_cals,NO-cal,GASCALS%,SPAN,10-Mar-2016 05:57:00,10-Mar-2016 06:02:00,1,0.0,.67, 
zNRP_cals,NO-cal,GASCALS%,PREC,10-Mar-2016 05:57:00,10-Mar-2016 06:07:04,-1,0.0,-1.5, 
zNRP_cals,NO-cal,GASCALS%,ZERO,10-Mar-2016 05:57:00,10-Mar-2016 06:12:04,0,0.0,.29, 
zNRP_cals,NOX-cal,GASCALS,SPAN,10-Mar-2016 05:30:00,10-Mar-2016 05:35:00,458,456.4,.32, 
zNRP_cals,NOX-cal,GASCALS,PREC,10-Mar-2016 05:30:00,10-Mar-2016 05:40:00,202,204.6,1.44, 
zNRP_cals,NOX-cal,GASCALS,ZERO,10-Mar-2016 05:30:00,10-Mar-2016 05:45:00,0,0.0,.45, 
zNRP_cals,NOX-cal,GASCALS%,SPAN,10-Mar-2016 05:57:00,10-Mar-2016 06:02:00,0,0.0,.32, 
zNRP_cals,NOX-cal,GASCALS%,PREC,10-Mar-2016 05:57:00,10-Mar-2016 06:07:04,-1,0.0,-1.44, 
zNRP_cals,NOX-cal,GASCALS%,ZERO,10-Mar-2016 05:57:00,10-Mar-2016 06:12:04,0,0.0,.45, 
zNRP_cals,NOXCON,GASCALS,SPAN,10-Mar-2016 05:30:00,10-Mar-2016 05:35:00,98,100,1.74, 
zNRP_cals,NOXCON,GASCALS,PREC,10-Mar-2016 05:30:00,10-Mar-2016 05:40:00,99,100,.92, 
zNRP_cals,NOXCON,GASCALS,ZERO,10-Mar-2016 05:30:00,10-Mar-2016 05:45:00,99,100,1.33, 
zNRP_cals,O3-cal,GASCALS,SPAN,10-Mar-2016 05:30:00,10-Mar-2016 05:35:00,348,348,.14, 
zNRP_cals,O3-cal,GASCALS,PREC,10-Mar-2016 05:30:00,10-Mar-2016 05:40:00,66,67,.87, 
zNRP_cals,O3-cal,GASCALS,ZERO,10-Mar-2016 05:30:00,10-Mar-2016 05:45:00,1,0.0,.75, 
zNRP_cals,O3-cal,GASCALS%,SPAN,10-Mar-2016 05:57:00,10-Mar-2016 06:02:00,0,0.0,.14, 
zNRP_cals,O3-cal,GASCALS%,PREC,10-Mar-2016 05:57:00,10-Mar-2016 06:07:04,-1,0.0,-.87, 
zNRP_cals,O3-cal,GASCALS%,ZERO,10-Mar-2016 05:57:00,10-Mar-2016 06:12:04,1,0.0,.75, 
zNRP_cals,NO2-cal,GASCALS,SPAN,11-Mar-2016 05:30:00,11-Mar-2016 05:35:00,380,374.792,1.48, 
zNRP_cals,NO2-cal,GASCALS,PREC,11-Mar-2016 05:30:00,11-Mar-2016 05:40:00,72,69.996,2.65, 
zNRP_cals,NO2-cal,GASCALS,ZERO,11-Mar-2016 05:30:00,11-Mar-2016 05:45:00,0,0.0,.15, 
zNRP_cals,NO2-cal,GASCALS%,SPAN,11-Mar-2016 05:57:00,11-Mar-2016 06:02:00,1,0.0,1.48, 
zNRP_cals,NO2-cal,GASCALS%,PREC,11-Mar-2016 05:57:00,11-Mar-2016 06:07:05,3,0.0,2.65, 
zNRP_cals,NO2-cal,GASCALS%,ZERO,11-Mar-2016 05:57:00,11-Mar-2016 06:12:05,0,0.0,.15, 
zNRP_cals,NO-cal,GASCALS,SPAN,11-Mar-2016 05:30:00,11-Mar-2016 05:35:00,460,456.4,.73, 
zNRP_cals,NO-cal,GASCALS,PREC,11-Mar-2016 05:30:00,11-Mar-2016 05:40:00,203,204.6,.93, 
zNRP_cals,NO-cal,GASCALS,ZERO,11-Mar-2016 05:30:00,11-Mar-2016 05:45:00,0,0.0,.34, 
zNRP_cals,NO-cal,GASCALS%,SPAN,11-Mar-2016 05:57:00,11-Mar-2016 06:02:00,1,0.0,.73, 
zNRP_cals,NO-cal,GASCALS%,PREC,11-Mar-2016 05:57:00,11-Mar-2016 06:07:05,-1,0.0,-.93, 
zNRP_cals,NO-cal,GASCALS%,ZERO,11-Mar-2016 05:57:00,11-Mar-2016 06:12:05,0,0.0,.34, 
zNRP_cals,NOX-cal,GASCALS,SPAN,11-Mar-2016 05:30:00,11-Mar-2016 05:35:00,462,456.4,1.26, 
zNRP_cals,NOX-cal,GASCALS,PREC,11-Mar-2016 05:30:00,11-Mar-2016 05:40:00,204,204.6,.24, 
zNRP_cals,NOX-cal,GASCALS,ZERO,11-Mar-2016 05:30:00,11-Mar-2016 05:45:00,1,0.0,.54, 
zNRP_cals,NOX-cal,GASCALS%,SPAN,11-Mar-2016 05:57:00,11-Mar-2016 06:02:00,1,0.0,1.26, 
zNRP_cals,NOX-cal,GASCALS%,PREC,11-Mar-2016 05:57:00,11-Mar-2016 06:07:05,0,0.0,-.24, 
zNRP_cals,NOX-cal,GASCALS%,ZERO,11-Mar-2016 05:57:00,11-Mar-2016 06:12:05,1,0.0,.54, 
zNRP_cals,NOXCON,GASCALS,SPAN,11-Mar-2016 05:30:00,11-Mar-2016 05:35:00,99,100,1.36, 
zNRP_cals,NOXCON,GASCALS,PREC,11-Mar-2016 05:30:00,11-Mar-2016 05:40:00,98,100,1.68, 
zNRP_cals,NOXCON,GASCALS,ZERO,11-Mar-2016 05:30:00,11-Mar-2016 05:45:00,98,100,1.52, 
zNRP_cals,O3-cal,GASCALS,SPAN,11-Mar-2016 05:30:00,11-Mar-2016 05:35:00,348,348,.12, 
zNRP_cals,O3-cal,GASCALS,PREC,11-Mar-2016 05:30:00,11-Mar-2016 05:40:00,68,67,1.02, 
zNRP_cals,O3-cal,GASCALS,ZERO,11-Mar-2016 05:30:00,11-Mar-2016 05:45:00,0,0.0,.27, 
zNRP_cals,O3-cal,GASCALS%,SPAN,11-Mar-2016 05:57:00,11-Mar-2016 06:02:00,0,0.0,.12, 
zNRP_cals,O3-cal,GASCALS%,PREC,11-Mar-2016 05:57:00,11-Mar-2016 06:07:05,1,0.0,1.02, 
zNRP_cals,O3-cal,GASCALS%,ZERO,11-Mar-2016 05:57:00,11-Mar-2016 06:12:05,0,0.0,.27, 
zNRP_cals,NO2-cal,GASCALS,SPAN,12-Mar-2016 05:30:00,12-Mar-2016 05:35:00,378,372.694,1.35, 
zNRP_cals,NO2-cal,GASCALS,PREC,12-Mar-2016 05:30:00,12-Mar-2016 05:40:00,77,74.883,2.95, 
zNRP_cals,NO2-cal,GASCALS,ZERO,12-Mar-2016 05:30:00,12-Mar-2016 05:45:00,0,0.0,.14, 
zNRP_cals,NO2-cal,GASCALS%,SPAN,12-Mar-2016 05:57:00,12-Mar-2016 06:02:00,1,0.0,1.35, 
zNRP_cals,NO2-cal,GASCALS%,PREC,12-Mar-2016 05:57:00,12-Mar-2016 06:07:05,3,0.0,2.95, 
zNRP_cals,NO2-cal,GASCALS%,ZERO,12-Mar-2016 05:57:00,12-Mar-2016 06:12:05,0,0.0,.14, 
zNRP_cals,NO-cal,GASCALS,SPAN,12-Mar-2016 05:30:00,12-Mar-2016 05:35:00,460,456.4,.68, 
zNRP_cals,NO-cal,GASCALS,PREC,12-Mar-2016 05:30:00,12-Mar-2016 05:40:00,201,204.6,1.83, 
zNRP_cals,NO-cal,GASCALS,ZERO,12-Mar-2016 05:30:00,12-Mar-2016 05:45:00,0,0.0,.19, 
zNRP_cals,NO-cal,GASCALS%,SPAN,12-Mar-2016 05:57:00,12-Mar-2016 06:02:00,1,0.0,.68, 
zNRP_cals,NO-cal,GASCALS%,PREC,12-Mar-2016 05:57:00,12-Mar-2016 06:07:05,-2,0.0,-1.83, 
zNRP_cals,NO-cal,GASCALS%,ZERO,12-Mar-2016 05:57:00,12-Mar-2016 06:12:05,0,0.0,.19, 
zNRP_cals,NOX-cal,GASCALS,SPAN,12-Mar-2016 05:30:00,12-Mar-2016 05:35:00,461,456.4,.99, 
zNRP_cals,NOX-cal,GASCALS,PREC,12-Mar-2016 05:30:00,12-Mar-2016 05:40:00,202,204.6,1.45, 
zNRP_cals,NOX-cal,GASCALS,ZERO,12-Mar-2016 05:30:00,12-Mar-2016 05:45:00,0,0.0,.33, 
zNRP_cals,NOX-cal,GASCALS%,SPAN,12-Mar-2016 05:57:00,12-Mar-2016 06:02:00,1,0.0,.99, 
zNRP_cals,NOX-cal,GASCALS%,PREC,12-Mar-2016 05:57:00,12-Mar-2016 06:07:05,-1,0.0,-1.45, 
zNRP_cals,NOX-cal,GASCALS%,ZERO,12-Mar-2016 05:57:00,12-Mar-2016 06:12:05,0,0.0,.33, 
zNRP_cals,NOXCON,GASCALS,SPAN,12-Mar-2016 05:30:00,12-Mar-2016 05:35:00,98,100,1.72, 
zNRP_cals,NOXCON,GASCALS,PREC,12-Mar-2016 05:30:00,12-Mar-2016 05:40:00,100,100,.33, 
zNRP_cals,NOXCON,GASCALS,ZERO,12-Mar-2016 05:30:00,12-Mar-2016 05:45:00,99,100,1.02, 
zNRP_cals,O3-cal,GASCALS,SPAN,12-Mar-2016 05:30:00,12-Mar-2016 05:35:00,349,348,.33, 
zNRP_cals,O3-cal,GASCALS,PREC,12-Mar-2016 05:30:00,12-Mar-2016 05:40:00,67,67,.51, 
zNRP_cals,O3-cal,GASCALS,ZERO,12-Mar-2016 05:30:00,12-Mar-2016 05:45:00,1,0.0,.63, 
zNRP_cals,O3-cal,GASCALS%,SPAN,12-Mar-2016 05:57:00,12-Mar-2016 06:02:00,0,0.0,.33, 
zNRP_cals,O3-cal,GASCALS%,PREC,12-Mar-2016 05:57:00,12-Mar-2016 06:07:05,1,0.0,.51, 
zNRP_cals,O3-cal,GASCALS%,ZERO,12-Mar-2016 05:57:00,12-Mar-2016 06:12:05,1,0.0,.63, 
zNRP_cals,NO2-cal,GASCALS,SPAN,13-Mar-2016 05:30:00,13-Mar-2016 05:35:00,379,373.319,1.48, 
zNRP_cals,NO2-cal,GASCALS,PREC,13-Mar-2016 05:30:00,13-Mar-2016 05:40:00,72,69.162,3.65, 
zNRP_cals,NO2-cal,GASCALS,ZERO,13-Mar-2016 05:30:00,13-Mar-2016 05:45:00,0,0.0,0.00, 
zNRP_cals,NO2-cal,GASCALS%,SPAN,13-Mar-2016 05:57:00,13-Mar-2016 06:02:00,1,0.0,1.48, 
zNRP_cals,NO2-cal,GASCALS%,PREC,13-Mar-2016 05:57:00,13-Mar-2016 06:07:05,4,0.0,3.65, 
zNRP_cals,NO2-cal,GASCALS%,ZERO,13-Mar-2016 05:57:00,13-Mar-2016 06:12:05,0,0.0,0.00, 
zNRP_cals,NO-cal,GASCALS,SPAN,13-Mar-2016 05:30:00,13-Mar-2016 05:35:00,461,456.4,1.04, 
zNRP_cals,NO-cal,GASCALS,PREC,13-Mar-2016 05:30:00,13-Mar-2016 05:40:00,201,204.6,1.84, 
zNRP_cals,NO-cal,GASCALS,ZERO,13-Mar-2016 05:30:00,13-Mar-2016 05:45:00,0,0.0,.36, 
zNRP_cals,NO-cal,GASCALS%,SPAN,13-Mar-2016 05:57:00,13-Mar-2016 06:02:00,1,0.0,1.04, 
zNRP_cals,NO-cal,GASCALS%,PREC,13-Mar-2016 05:57:00,13-Mar-2016 06:07:05,-2,0.0,-1.84, 
zNRP_cals,NO-cal,GASCALS%,ZERO,13-Mar-2016 05:57:00,13-Mar-2016 06:12:05,0,0.0,.36, 
zNRP_cals,NOX-cal,GASCALS,SPAN,13-Mar-2016 05:30:00,13-Mar-2016 05:35:00,460,456.4,.72, 
zNRP_cals,NOX-cal,GASCALS,PREC,13-Mar-2016 05:30:00,13-Mar-2016 05:40:00,202,204.6,1.31, 
zNRP_cals,NOX-cal,GASCALS,ZERO,13-Mar-2016 05:30:00,13-Mar-2016 05:45:00,0,0.0,.43, 
zNRP_cals,NOX-cal,GASCALS%,SPAN,13-Mar-2016 05:57:00,13-Mar-2016 06:02:00,1,0.0,.72, 
zNRP_cals,NOX-cal,GASCALS%,PREC,13-Mar-2016 05:57:00,13-Mar-2016 06:07:05,-1,0.0,-1.31, 
zNRP_cals,NOX-cal,GASCALS%,ZERO,13-Mar-2016 05:57:00,13-Mar-2016 06:12:05,0,0.0,.43, 
zNRP_cals,NOXCON,GASCALS,SPAN,13-Mar-2016 05:30:00,13-Mar-2016 05:35:00,98,100,1.66, 
zNRP_cals,NOXCON,GASCALS,PREC,13-Mar-2016 05:30:00,13-Mar-2016 05:40:00,99,100,1.25, 
zNRP_cals,NOXCON,GASCALS,ZERO,13-Mar-2016 05:30:00,13-Mar-2016 05:45:00,99,100,1.45, 
zNRP_cals,O3-cal,GASCALS,SPAN,13-Mar-2016 05:30:00,13-Mar-2016 05:35:00,349,348,.22, 
zNRP_cals,O3-cal,GASCALS,PREC,13-Mar-2016 05:30:00,13-Mar-2016 05:40:00,66,67,1.81, 
zNRP_cals,O3-cal,GASCALS,ZERO,13-Mar-2016 05:30:00,13-Mar-2016 05:45:00,0,0.0,.49, 
zNRP_cals,O3-cal,GASCALS%,SPAN,13-Mar-2016 05:57:00,13-Mar-2016 06:02:00,0,0.0,.22, 
zNRP_cals,O3-cal,GASCALS%,PREC,13-Mar-2016 05:57:00,13-Mar-2016 06:07:05,-2,0.0,-1.81, 
zNRP_cals,O3-cal,GASCALS%,ZERO,13-Mar-2016 05:57:00,13-Mar-2016 06:12:05,0,0.0,.49, 
zNRP_cals,NO2-cal,GASCALS,SPAN,16-Mar-2016 05:30:00,16-Mar-2016 05:35:00,377,372.603,1.12, 
zNRP_cals,NO2-cal,GASCALS,PREC,16-Mar-2016 05:30:00,16-Mar-2016 05:40:00,71,68.823,3.62, 
zNRP_cals,NO2-cal,GASCALS,ZERO,16-Mar-2016 05:30:00,16-Mar-2016 05:45:00,0,0.0,.04, 
zNRP_cals,NO2-cal,GASCALS%,SPAN,16-Mar-2016 05:57:00,16-Mar-2016 06:02:00,1,0.0,1.12, 
zNRP_cals,NO2-cal,GASCALS%,PREC,16-Mar-2016 05:57:00,16-Mar-2016 06:07:04,4,0.0,3.62, 
zNRP_cals,NO2-cal,GASCALS%,ZERO,16-Mar-2016 05:57:00,16-Mar-2016 06:12:04,0,0.0,.04, 
zNRP_cals,NO-cal,GASCALS,SPAN,16-Mar-2016 05:30:00,16-Mar-2016 05:35:00,460,456.4,.69, 
zNRP_cals,NO-cal,GASCALS,PREC,16-Mar-2016 05:30:00,16-Mar-2016 05:40:00,201,204.6,1.66, 
zNRP_cals,NO-cal,GASCALS,ZERO,16-Mar-2016 05:30:00,16-Mar-2016 05:45:00,0,0.0,.46, 
zNRP_cals,NO-cal,GASCALS%,SPAN,16-Mar-2016 05:57:00,16-Mar-2016 06:02:00,1,0.0,.69, 
zNRP_cals,NO-cal,GASCALS%,PREC,16-Mar-2016 05:57:00,16-Mar-2016 06:07:04,-2,0.0,-1.66, 
zNRP_cals,NO-cal,GASCALS%,ZERO,16-Mar-2016 05:57:00,16-Mar-2016 06:12:04,0,0.0,.46, 
zNRP_cals,NOX-cal,GASCALS,SPAN,16-Mar-2016 05:30:00,16-Mar-2016 05:35:00,463,456.4,1.36, 
zNRP_cals,NOX-cal,GASCALS,PREC,16-Mar-2016 05:30:00,16-Mar-2016 05:40:00,202,204.6,1.24, 
zNRP_cals,NOX-cal,GASCALS,ZERO,16-Mar-2016 05:30:00,16-Mar-2016 05:45:00,1,0.0,.51, 
zNRP_cals,NOX-cal,GASCALS%,SPAN,16-Mar-2016 05:57:00,16-Mar-2016 06:02:00,1,0.0,1.36, 
zNRP_cals,NOX-cal,GASCALS%,PREC,16-Mar-2016 05:57:00,16-Mar-2016 06:07:04,-1,0.0,-1.24, 
zNRP_cals,NOX-cal,GASCALS%,ZERO,16-Mar-2016 05:57:00,16-Mar-2016 06:12:04,1,0.0,.51, 
zNRP_cals,NOXCON,GASCALS,SPAN,16-Mar-2016 05:30:00,16-Mar-2016 05:35:00,98,100,2.41, 
zNRP_cals,NOXCON,GASCALS,PREC,16-Mar-2016 05:30:00,16-Mar-2016 05:40:00,100,100,.04, 
zNRP_cals,NOXCON,GASCALS,ZERO,16-Mar-2016 05:30:00,16-Mar-2016 05:45:00,99,100,1.22, 
zNRP_cals,O3-cal,GASCALS,SPAN,16-Mar-2016 05:30:00,16-Mar-2016 05:35:00,350,348,.5, 
zNRP_cals,O3-cal,GASCALS,PREC,16-Mar-2016 05:30:00,16-Mar-2016 05:40:00,67,67,.69, 
zNRP_cals,O3-cal,GASCALS,ZERO,16-Mar-2016 05:30:00,16-Mar-2016 05:45:00,1,0.0,.73, 
zNRP_cals,O3-cal,GASCALS%,SPAN,16-Mar-2016 05:57:00,16-Mar-2016 06:02:00,1,0.0,.5, 
zNRP_cals,O3-cal,GASCALS%,PREC,16-Mar-2016 05:57:00,16-Mar-2016 06:07:04,-1,0.0,-.69, 
zNRP_cals,O3-cal,GASCALS%,ZERO,16-Mar-2016 05:57:00,16-Mar-2016 06:12:04,1,0.0,.73, 
zNRP_cals,NO2-cal,GASCALS,SPAN,17-Mar-2016 05:30:00,17-Mar-2016 05:35:00,379,373.786,1.5, 
zNRP_cals,NO2-cal,GASCALS,PREC,17-Mar-2016 05:30:00,17-Mar-2016 05:40:00,71,68.784,3.36, 
zNRP_cals,NO2-cal,GASCALS,ZERO,17-Mar-2016 05:30:00,17-Mar-2016 05:45:00,0,0.0,.14, 
zNRP_cals,NO2-cal,GASCALS%,SPAN,17-Mar-2016 05:57:00,17-Mar-2016 06:02:00,2,0.0,1.5, 
zNRP_cals,NO2-cal,GASCALS%,PREC,17-Mar-2016 05:57:00,17-Mar-2016 06:07:04,3,0.0,3.36, 
zNRP_cals,NO2-cal,GASCALS%,ZERO,17-Mar-2016 05:57:00,17-Mar-2016 06:12:04,0,0.0,.14, 
zNRP_cals,NO-cal,GASCALS,SPAN,17-Mar-2016 05:30:00,17-Mar-2016 05:35:00,460,456.4,.73, 
zNRP_cals,NO-cal,GASCALS,PREC,17-Mar-2016 05:30:00,17-Mar-2016 05:40:00,200,204.6,2.05, 
zNRP_cals,NO-cal,GASCALS,ZERO,17-Mar-2016 05:30:00,17-Mar-2016 05:45:00,0,0.0,.2, 
zNRP_cals,NO-cal,GASCALS%,SPAN,17-Mar-2016 05:57:00,17-Mar-2016 06:02:00,1,0.0,.73, 
zNRP_cals,NO-cal,GASCALS%,PREC,17-Mar-2016 05:57:00,17-Mar-2016 06:07:04,-2,0.0,-2.05, 
zNRP_cals,NO-cal,GASCALS%,ZERO,17-Mar-2016 05:57:00,17-Mar-2016 06:12:04,0,0.0,.2, 
zNRP_cals,NOX-cal,GASCALS,SPAN,17-Mar-2016 05:30:00,17-Mar-2016 05:35:00,461,456.4,1.07, 
zNRP_cals,NOX-cal,GASCALS,PREC,17-Mar-2016 05:30:00,17-Mar-2016 05:40:00,201,204.6,1.72, 
zNRP_cals,NOX-cal,GASCALS,ZERO,17-Mar-2016 05:30:00,17-Mar-2016 05:45:00,0,0.0,.41, 
zNRP_cals,NOX-cal,GASCALS%,SPAN,17-Mar-2016 05:57:00,17-Mar-2016 06:02:00,1,0.0,1.07, 
zNRP_cals,NOX-cal,GASCALS%,PREC,17-Mar-2016 05:57:00,17-Mar-2016 06:07:04,-2,0.0,-1.72, 
zNRP_cals,NOX-cal,GASCALS%,ZERO,17-Mar-2016 05:57:00,17-Mar-2016 06:12:04,0,0.0,.41, 
zNRP_cals,NOXCON,GASCALS,SPAN,17-Mar-2016 05:30:00,17-Mar-2016 05:35:00,98,100,1.85, 
zNRP_cals,NOXCON,GASCALS,PREC,17-Mar-2016 05:30:00,17-Mar-2016 05:40:00,100,100,.3, 
zNRP_cals,NOXCON,GASCALS,ZERO,17-Mar-2016 05:30:00,17-Mar-2016 05:45:00,99,100,1.08, 
zNRP_cals,O3-cal,GASCALS,SPAN,17-Mar-2016 05:30:00,17-Mar-2016 05:35:00,349,348,.38, 
zNRP_cals,O3-cal,GASCALS,PREC,17-Mar-2016 05:30:00,17-Mar-2016 05:40:00,67,67,.42, 
zNRP_cals,O3-cal,GASCALS,ZERO,17-Mar-2016 05:30:00,17-Mar-2016 05:45:00,1,0.0,.5, 
zNRP_cals,O3-cal,GASCALS%,SPAN,17-Mar-2016 05:57:00,17-Mar-2016 06:02:00,0,0.0,.38, 
zNRP_cals,O3-cal,GASCALS%,PREC,17-Mar-2016 05:57:00,17-Mar-2016 06:07:04,0,0.0,-.42, 
zNRP_cals,O3-cal,GASCALS%,ZERO,17-Mar-2016 05:57:00,17-Mar-2016 06:12:04,1,0.0,.5, 
zNRP_cals,NO2-cal,GASCALS,SPAN,18-Mar-2016 05:30:00,18-Mar-2016 05:35:00,379,376.171,.79, 
zNRP_cals,NO2-cal,GASCALS,PREC,18-Mar-2016 05:30:00,18-Mar-2016 05:40:00,71,69.288,1.84, 
zNRP_cals,NO2-cal,GASCALS,ZERO,18-Mar-2016 05:30:00,18-Mar-2016 05:45:00,0,0.0,.16, 
zNRP_cals,NO2-cal,GASCALS%,SPAN,18-Mar-2016 05:57:00,18-Mar-2016 06:02:00,1,0.0,.79, 
zNRP_cals,NO2-cal,GASCALS%,PREC,18-Mar-2016 05:57:00,18-Mar-2016 06:07:04,2,0.0,1.84, 
zNRP_cals,NO2-cal,GASCALS%,ZERO,18-Mar-2016 05:57:00,18-Mar-2016 06:12:04,0,0.0,.16, 
zNRP_cals,NO-cal,GASCALS,SPAN,18-Mar-2016 05:30:00,18-Mar-2016 05:35:00,457,456.4,.07, 
zNRP_cals,NO-cal,GASCALS,PREC,18-Mar-2016 05:30:00,18-Mar-2016 05:40:00,200,204.6,2.42, 
zNRP_cals,NO-cal,GASCALS,ZERO,18-Mar-2016 05:30:00,18-Mar-2016 05:45:00,0,0.0,.26, 
zNRP_cals,NO-cal,GASCALS%,SPAN,18-Mar-2016 05:57:00,18-Mar-2016 06:02:00,0,0.0,.07, 
zNRP_cals,NO-cal,GASCALS%,PREC,18-Mar-2016 05:57:00,18-Mar-2016 06:07:04,-2,0.0,-2.42, 
zNRP_cals,NO-cal,GASCALS%,ZERO,18-Mar-2016 05:57:00,18-Mar-2016 06:12:04,0,0.0,.26, 
zNRP_cals,NOX-cal,GASCALS,SPAN,18-Mar-2016 05:30:00,18-Mar-2016 05:35:00,457,456.4,.2, 
zNRP_cals,NOX-cal,GASCALS,PREC,18-Mar-2016 05:30:00,18-Mar-2016 05:40:00,201,204.6,1.8, 
zNRP_cals,NOX-cal,GASCALS,ZERO,18-Mar-2016 05:30:00,18-Mar-2016 05:45:00,0,0.0,.4, 
zNRP_cals,NOX-cal,GASCALS%,SPAN,18-Mar-2016 05:57:00,18-Mar-2016 06:02:00,0,0.0,.2, 
zNRP_cals,NOX-cal,GASCALS%,PREC,18-Mar-2016 05:57:00,18-Mar-2016 06:07:04,-2,0.0,-1.8, 
zNRP_cals,NOX-cal,GASCALS%,ZERO,18-Mar-2016 05:57:00,18-Mar-2016 06:12:04,0,0.0,.4, 
zNRP_cals,NOXCON,GASCALS,SPAN,18-Mar-2016 05:30:00,18-Mar-2016 05:35:00,98,100,1.55, 
zNRP_cals,NOXCON,GASCALS,PREC,18-Mar-2016 05:30:00,18-Mar-2016 05:40:00,98,100,1.51, 
zNRP_cals,NOXCON,GASCALS,ZERO,18-Mar-2016 05:30:00,18-Mar-2016 05:45:00,98,100,1.53, 
zNRP_cals,O3-cal,GASCALS,SPAN,18-Mar-2016 05:30:00,18-Mar-2016 05:35:00,348,348,.11, 
zNRP_cals,O3-cal,GASCALS,PREC,18-Mar-2016 05:30:00,18-Mar-2016 05:40:00,66,67,1.56, 
zNRP_cals,O3-cal,GASCALS,ZERO,18-Mar-2016 05:30:00,18-Mar-2016 05:45:00,1,0.0,.66, 
zNRP_cals,O3-cal,GASCALS%,SPAN,18-Mar-2016 05:57:00,18-Mar-2016 06:02:00,0,0.0,.11, 
zNRP_cals,O3-cal,GASCALS%,PREC,18-Mar-2016 05:57:00,18-Mar-2016 06:07:04,-2,0.0,-1.56, 
zNRP_cals,O3-cal,GASCALS%,ZERO,18-Mar-2016 05:57:00,18-Mar-2016 06:12:04,1,0.0,.66, 
zNRP_cals,NO2-cal,GASCALS,SPAN,19-Mar-2016 05:30:00,19-Mar-2016 05:35:00,377,377.627,.06, 
zNRP_cals,NO2-cal,GASCALS,PREC,19-Mar-2016 05:30:00,19-Mar-2016 05:40:00,71,70.15,1.49, 
zNRP_cals,NO2-cal,GASCALS,ZERO,19-Mar-2016 05:30:00,19-Mar-2016 05:45:00,0,0.0,-.05, 
zNRP_cals,NO2-cal,GASCALS%,SPAN,19-Mar-2016 05:57:00,19-Mar-2016 06:02:00,0,0.0,-.06, 
zNRP_cals,NO2-cal,GASCALS%,PREC,19-Mar-2016 05:57:00,19-Mar-2016 06:07:04,1,0.0,1.49, 
zNRP_cals,NO2-cal,GASCALS%,ZERO,19-Mar-2016 05:57:00,19-Mar-2016 06:12:04,0,0.0,-.05, 
zNRP_cals,NO-cal,GASCALS,SPAN,19-Mar-2016 05:30:00,19-Mar-2016 05:35:00,456,456.4,.17, 
zNRP_cals,NO-cal,GASCALS,PREC,19-Mar-2016 05:30:00,19-Mar-2016 05:40:00,200,204.6,2.49, 
zNRP_cals,NO-cal,GASCALS,ZERO,19-Mar-2016 05:30:00,19-Mar-2016 05:45:00,0,0.0,-.06, 
zNRP_cals,NO-cal,GASCALS%,SPAN,19-Mar-2016 05:57:00,19-Mar-2016 06:02:00,0,0.0,-.17, 
zNRP_cals,NO-cal,GASCALS%,PREC,19-Mar-2016 05:57:00,19-Mar-2016 06:07:04,-2,0.0,-2.49, 
zNRP_cals,NO-cal,GASCALS%,ZERO,19-Mar-2016 05:57:00,19-Mar-2016 06:12:04,0,0.0,-.06, 
zNRP_cals,NOX-cal,GASCALS,SPAN,19-Mar-2016 05:30:00,19-Mar-2016 05:35:00,455,456.4,.32, 
zNRP_cals,NOX-cal,GASCALS,PREC,19-Mar-2016 05:30:00,19-Mar-2016 05:40:00,199,204.6,2.54, 
zNRP_cals,NOX-cal,GASCALS,ZERO,19-Mar-2016 05:30:00,19-Mar-2016 05:45:00,0,0.0,-.06, 
zNRP_cals,NOX-cal,GASCALS%,SPAN,19-Mar-2016 05:57:00,19-Mar-2016 06:02:00,0,0.0,-.32, 
zNRP_cals,NOX-cal,GASCALS%,PREC,19-Mar-2016 05:57:00,19-Mar-2016 06:07:04,-3,0.0,-2.54, 
zNRP_cals,NOX-cal,GASCALS%,ZERO,19-Mar-2016 05:57:00,19-Mar-2016 06:12:04,0,0.0,-.06, 
zNRP_cals,NOXCON,GASCALS,SPAN,19-Mar-2016 05:30:00,19-Mar-2016 05:35:00,98,100,1.65, 
zNRP_cals,NOXCON,GASCALS,PREC,19-Mar-2016 05:30:00,19-Mar-2016 05:40:00,100,100,.28, 
zNRP_cals,NOXCON,GASCALS,ZERO,19-Mar-2016 05:30:00,19-Mar-2016 05:45:00,99,100,.69, 
zNRP_cals,O3-cal,GASCALS,SPAN,19-Mar-2016 05:30:00,19-Mar-2016 05:35:00,349,348,.21, 
zNRP_cals,O3-cal,GASCALS,PREC,19-Mar-2016 05:30:00,19-Mar-2016 05:40:00,67,67,.31, 
zNRP_cals,O3-cal,GASCALS,ZERO,19-Mar-2016 05:30:00,19-Mar-2016 05:45:00,1,0.0,.84, 
zNRP_cals,O3-cal,GASCALS%,SPAN,19-Mar-2016 05:57:00,19-Mar-2016 06:02:00,0,0.0,.21, 
zNRP_cals,O3-cal,GASCALS%,PREC,19-Mar-2016 05:57:00,19-Mar-2016 06:07:04,0,0.0,-.31, 
zNRP_cals,O3-cal,GASCALS%,ZERO,19-Mar-2016 05:57:00,19-Mar-2016 06:12:04,1,0.0,.84, 
zNRP_cals,NO2-cal,GASCALS,SPAN,20-Mar-2016 05:30:00,20-Mar-2016 05:35:00,378,376.897,.41, 
zNRP_cals,NO2-cal,GASCALS,PREC,20-Mar-2016 05:30:00,20-Mar-2016 05:40:00,73,69.441,5.11, 
zNRP_cals,NO2-cal,GASCALS,ZERO,20-Mar-2016 05:30:00,20-Mar-2016 05:45:00,0,0.0,-.05, 
zNRP_cals,NO2-cal,GASCALS%,SPAN,20-Mar-2016 05:57:00,20-Mar-2016 06:02:00,0,0.0,.41, 
zNRP_cals,NO2-cal,GASCALS%,PREC,20-Mar-2016 05:57:00,20-Mar-2016 06:07:06,5,0.0,5.11, 
zNRP_cals,NO2-cal,GASCALS%,ZERO,20-Mar-2016 05:57:00,20-Mar-2016 06:12:06,0,0.0,-.05, 
zNRP_cals,NO-cal,GASCALS,SPAN,20-Mar-2016 05:30:00,20-Mar-2016 05:35:00,456,456.4,.09, 
zNRP_cals,NO-cal,GASCALS,PREC,20-Mar-2016 05:30:00,20-Mar-2016 05:40:00,199,204.6,2.82, 
zNRP_cals,NO-cal,GASCALS,ZERO,20-Mar-2016 05:30:00,20-Mar-2016 05:45:00,0,0.0,.21, 
zNRP_cals,NO-cal,GASCALS%,SPAN,20-Mar-2016 05:57:00,20-Mar-2016 06:02:00,0,0.0,-.09, 
zNRP_cals,NO-cal,GASCALS%,PREC,20-Mar-2016 05:57:00,20-Mar-2016 06:07:06,-3,0.0,-2.82, 
zNRP_cals,NO-cal,GASCALS%,ZERO,20-Mar-2016 05:57:00,20-Mar-2016 06:12:06,0,0.0,.21, 
zNRP_cals,NOX-cal,GASCALS,SPAN,20-Mar-2016 05:30:00,20-Mar-2016 05:35:00,455,456.4,.27, 
zNRP_cals,NOX-cal,GASCALS,PREC,20-Mar-2016 05:30:00,20-Mar-2016 05:40:00,199,204.6,2.53, 
zNRP_cals,NOX-cal,GASCALS,ZERO,20-Mar-2016 05:30:00,20-Mar-2016 05:45:00,0,0.0,.18, 
zNRP_cals,NOX-cal,GASCALS%,SPAN,20-Mar-2016 05:57:00,20-Mar-2016 06:02:00,0,0.0,-.27, 
zNRP_cals,NOX-cal,GASCALS%,PREC,20-Mar-2016 05:57:00,20-Mar-2016 06:07:06,-3,0.0,-2.53, 
zNRP_cals,NOX-cal,GASCALS%,ZERO,20-Mar-2016 05:57:00,20-Mar-2016 06:12:06,0,0.0,.18, 
zNRP_cals,NOXCON,GASCALS,SPAN,20-Mar-2016 05:30:00,20-Mar-2016 05:35:00,98,100,1.55, 
zNRP_cals,NOXCON,GASCALS,PREC,20-Mar-2016 05:30:00,20-Mar-2016 05:40:00,102,100,1.56, 
zNRP_cals,NOXCON,GASCALS,ZERO,20-Mar-2016 05:30:00,20-Mar-2016 05:45:00,100,100,.01, 
zNRP_cals,O3-cal,GASCALS,SPAN,20-Mar-2016 05:30:00,20-Mar-2016 05:35:00,347,348,.15, 
zNRP_cals,O3-cal,GASCALS,PREC,20-Mar-2016 05:30:00,20-Mar-2016 05:40:00,66,67,1.58, 
zNRP_cals,O3-cal,GASCALS,ZERO,20-Mar-2016 05:30:00,20-Mar-2016 05:45:00,0,0.0,.39, 
zNRP_cals,O3-cal,GASCALS%,SPAN,20-Mar-2016 05:57:00,20-Mar-2016 06:02:00,0,0.0,-.15, 
zNRP_cals,O3-cal,GASCALS%,PREC,20-Mar-2016 05:57:00,20-Mar-2016 06:07:06,-2,0.0,-1.58, 
zNRP_cals,O3-cal,GASCALS%,ZERO,20-Mar-2016 05:57:00,20-Mar-2016 06:12:06,0,0.0,.39, 
zNRP_cals,NO2-cal,GASCALS,SPAN,21-Mar-2016 05:30:00,21-Mar-2016 05:35:00,372,373.086,.28, 
zNRP_cals,NO2-cal,GASCALS,PREC,21-Mar-2016 05:30:00,21-Mar-2016 05:40:00,70,69.214,1.15, 
zNRP_cals,NO2-cal,GASCALS,ZERO,21-Mar-2016 05:30:00,21-Mar-2016 05:45:00,0,0.0,-.02, 
zNRP_cals,NO2-cal,GASCALS%,SPAN,21-Mar-2016 05:57:00,21-Mar-2016 06:02:02,0,0.0,-.28, 
zNRP_cals,NO2-cal,GASCALS%,PREC,21-Mar-2016 05:57:00,21-Mar-2016 06:07:07,1,0.0,1.15, 
zNRP_cals,NO2-cal,GASCALS%,ZERO,21-Mar-2016 05:57:00,21-Mar-2016 06:12:07,0,0.0,-.02, 
zNRP_cals,NO-cal,GASCALS,SPAN,21-Mar-2016 05:30:00,21-Mar-2016 05:35:00,454,456.4,.59, 
zNRP_cals,NO-cal,GASCALS,PREC,21-Mar-2016 05:30:00,21-Mar-2016 05:40:00,198,204.6,3.06, 
zNRP_cals,NO-cal,GASCALS,ZERO,21-Mar-2016 05:30:00,21-Mar-2016 05:45:00,0,0.0,.35, 
zNRP_cals,NO-cal,GASCALS%,SPAN,21-Mar-2016 05:57:00,21-Mar-2016 06:02:02,-1,0.0,-.59, 
zNRP_cals,NO-cal,GASCALS%,PREC,21-Mar-2016 05:57:00,21-Mar-2016 06:07:07,-3,0.0,-3.06, 
zNRP_cals,NO-cal,GASCALS%,ZERO,21-Mar-2016 05:57:00,21-Mar-2016 06:12:07,0,0.0,.35, 
zNRP_cals,NOX-cal,GASCALS,SPAN,21-Mar-2016 05:30:00,21-Mar-2016 05:35:00,454,456.4,.63, 
zNRP_cals,NOX-cal,GASCALS,PREC,21-Mar-2016 05:30:00,21-Mar-2016 05:40:00,199,204.6,2.66, 
zNRP_cals,NOX-cal,GASCALS,ZERO,21-Mar-2016 05:30:00,21-Mar-2016 05:45:00,0,0.0,.32, 
zNRP_cals,NOX-cal,GASCALS%,SPAN,21-Mar-2016 05:57:00,21-Mar-2016 06:02:02,-1,0.0,-.63, 
zNRP_cals,NOX-cal,GASCALS%,PREC,21-Mar-2016 05:57:00,21-Mar-2016 06:07:07,-3,0.0,-2.66, 
zNRP_cals,NOX-cal,GASCALS%,ZERO,21-Mar-2016 05:57:00,21-Mar-2016 06:12:07,0,0.0,.32, 
zNRP_cals,NOXCON,GASCALS,SPAN,21-Mar-2016 05:30:00,21-Mar-2016 05:35:00,98,100,1.55, 
zNRP_cals,NOXCON,GASCALS,PREC,21-Mar-2016 05:30:00,21-Mar-2016 05:40:00,99,100,.95, 
zNRP_cals,NOXCON,GASCALS,ZERO,21-Mar-2016 05:30:00,21-Mar-2016 05:45:00,99,100,1.25, 
zNRP_cals,O3-cal,GASCALS,SPAN,21-Mar-2016 05:30:00,21-Mar-2016 05:35:00,348,348,.11, 
zNRP_cals,O3-cal,GASCALS,PREC,21-Mar-2016 05:30:00,21-Mar-2016 05:40:00,66,67,1.46, 
zNRP_cals,O3-cal,GASCALS,ZERO,21-Mar-2016 05:30:00,21-Mar-2016 05:45:00,1,0.0,.88, 
zNRP_cals,O3-cal,GASCALS%,SPAN,21-Mar-2016 05:57:00,21-Mar-2016 06:02:02,0,0.0,.11, 
zNRP_cals,O3-cal,GASCALS%,PREC,21-Mar-2016 05:57:00,21-Mar-2016 06:07:07,-1,0.0,-1.46, 
zNRP_cals,O3-cal,GASCALS%,ZERO,21-Mar-2016 05:57:00,21-Mar-2016 06:12:07,1,0.0,.88, 
zNRP_cals,NO2-cal,GASCALS,SPAN,22-Mar-2016 05:30:00,22-Mar-2016 05:35:00,372,375.497,.81, 
zNRP_cals,NO2-cal,GASCALS,PREC,22-Mar-2016 05:30:00,22-Mar-2016 05:40:00,70,69.921,.83, 
zNRP_cals,NO2-cal,GASCALS,ZERO,22-Mar-2016 05:30:00,22-Mar-2016 05:45:00,0,0.0,-.03, 
zNRP_cals,NO2-cal,GASCALS%,SPAN,22-Mar-2016 05:57:00,22-Mar-2016 06:02:00,-1,0.0,-.81, 
zNRP_cals,NO2-cal,GASCALS%,PREC,22-Mar-2016 05:57:00,22-Mar-2016 06:07:05,1,0.0,.83, 
zNRP_cals,NO2-cal,GASCALS%,ZERO,22-Mar-2016 05:57:00,22-Mar-2016 06:12:05,0,0.0,-.03, 
zNRP_cals,NO-cal,GASCALS,SPAN,22-Mar-2016 05:30:00,22-Mar-2016 05:35:00,451,456.4,1.08, 
zNRP_cals,NO-cal,GASCALS,PREC,22-Mar-2016 05:30:00,22-Mar-2016 05:40:00,198,204.6,3.29, 
zNRP_cals,NO-cal,GASCALS,ZERO,22-Mar-2016 05:30:00,22-Mar-2016 05:45:00,0,0.0,.2, 
zNRP_cals,NO-cal,GASCALS%,SPAN,22-Mar-2016 05:57:00,22-Mar-2016 06:02:00,-1,0.0,-1.08, 
zNRP_cals,NO-cal,GASCALS%,PREC,22-Mar-2016 05:57:00,22-Mar-2016 06:07:05,-3,0.0,-3.29, 
zNRP_cals,NO-cal,GASCALS%,ZERO,22-Mar-2016 05:57:00,22-Mar-2016 06:12:05,0,0.0,.2, 
zNRP_cals,NOX-cal,GASCALS,SPAN,22-Mar-2016 05:30:00,22-Mar-2016 05:35:00,451,456.4,1.28, 
zNRP_cals,NOX-cal,GASCALS,PREC,22-Mar-2016 05:30:00,22-Mar-2016 05:40:00,198,204.6,3.39, 
zNRP_cals,NOX-cal,GASCALS,ZERO,22-Mar-2016 05:30:00,22-Mar-2016 05:45:00,0,0.0,.14, 
zNRP_cals,NOX-cal,GASCALS%,SPAN,22-Mar-2016 05:57:00,22-Mar-2016 06:02:00,-1,0.0,-1.28, 
zNRP_cals,NOX-cal,GASCALS%,PREC,22-Mar-2016 05:57:00,22-Mar-2016 06:07:05,-3,0.0,-3.39, 
zNRP_cals,NOX-cal,GASCALS%,ZERO,22-Mar-2016 05:57:00,22-Mar-2016 06:12:05,0,0.0,.14, 
zNRP_cals,NOXCON,GASCALS,SPAN,22-Mar-2016 05:30:00,22-Mar-2016 05:35:00,99,100,1.33, 
zNRP_cals,NOXCON,GASCALS,PREC,22-Mar-2016 05:30:00,22-Mar-2016 05:40:00,101,100,.61, 
zNRP_cals,NOXCON,GASCALS,ZERO,22-Mar-2016 05:30:00,22-Mar-2016 05:45:00,100,100,.36, 
zNRP_cals,O3-cal,GASCALS,SPAN,22-Mar-2016 05:30:00,22-Mar-2016 05:35:00,348,348,.03, 
zNRP_cals,O3-cal,GASCALS,PREC,22-Mar-2016 05:30:00,22-Mar-2016 05:40:00,66,67,.78, 
zNRP_cals,O3-cal,GASCALS,ZERO,22-Mar-2016 05:30:00,22-Mar-2016 05:45:00,1,0.0,.54, 
zNRP_cals,O3-cal,GASCALS%,SPAN,22-Mar-2016 05:57:00,22-Mar-2016 06:02:00,0,0.0,.03, 
zNRP_cals,O3-cal,GASCALS%,PREC,22-Mar-2016 05:57:00,22-Mar-2016 06:07:05,-1,0.0,-.78, 
zNRP_cals,O3-cal,GASCALS%,ZERO,22-Mar-2016 05:57:00,22-Mar-2016 06:12:05,1,0.0,.54, 
zNRP_cals,NO2-cal,GASCALS,SPAN,23-Mar-2016 05:30:00,23-Mar-2016 05:35:00,372,374.645,.68, 
zNRP_cals,NO2-cal,GASCALS,PREC,23-Mar-2016 05:30:00,23-Mar-2016 05:40:00,71,69.167,2.99, 
zNRP_cals,NO2-cal,GASCALS,ZERO,23-Mar-2016 05:30:00,23-Mar-2016 05:45:00,0,0.0,.05, 
zNRP_cals,NO2-cal,GASCALS%,SPAN,23-Mar-2016 05:57:00,23-Mar-2016 06:02:00,-1,0.0,-.68, 
zNRP_cals,NO2-cal,GASCALS%,PREC,23-Mar-2016 05:57:00,23-Mar-2016 06:07:05,3,0.0,2.99, 
zNRP_cals,NO2-cal,GASCALS%,ZERO,23-Mar-2016 05:57:00,23-Mar-2016 06:12:05,0,0.0,.05, 
zNRP_cals,NO-cal,GASCALS,SPAN,23-Mar-2016 05:30:00,23-Mar-2016 05:35:00,452,456.4,.95, 
zNRP_cals,NO-cal,GASCALS,PREC,23-Mar-2016 05:30:00,23-Mar-2016 05:40:00,196,204.6,3.98, 
zNRP_cals,NO-cal,GASCALS,ZERO,23-Mar-2016 05:30:00,23-Mar-2016 05:45:00,0,0.0,.06, 
zNRP_cals,NO-cal,GASCALS%,SPAN,23-Mar-2016 05:57:00,23-Mar-2016 06:02:00,-1,0.0,-.95, 
zNRP_cals,NO-cal,GASCALS%,PREC,23-Mar-2016 05:57:00,23-Mar-2016 06:07:05,-4,0.0,-3.98, 
zNRP_cals,NO-cal,GASCALS%,ZERO,23-Mar-2016 05:57:00,23-Mar-2016 06:12:05,0,0.0,.06, 
zNRP_cals,NOX-cal,GASCALS,SPAN,23-Mar-2016 05:30:00,23-Mar-2016 05:35:00,453,456.4,.76, 
zNRP_cals,NOX-cal,GASCALS,PREC,23-Mar-2016 05:30:00,23-Mar-2016 05:40:00,198,204.6,3.28, 
zNRP_cals,NOX-cal,GASCALS,ZERO,23-Mar-2016 05:30:00,23-Mar-2016 05:45:00,0,0.0,.13, 
zNRP_cals,NOX-cal,GASCALS%,SPAN,23-Mar-2016 05:57:00,23-Mar-2016 06:02:00,-1,0.0,-.76, 
zNRP_cals,NOX-cal,GASCALS%,PREC,23-Mar-2016 05:57:00,23-Mar-2016 06:07:05,-3,0.0,-3.28, 
zNRP_cals,NOX-cal,GASCALS%,ZERO,23-Mar-2016 05:57:00,23-Mar-2016 06:12:05,0,0.0,.13, 
zNRP_cals,NOXCON,GASCALS,SPAN,23-Mar-2016 05:30:00,23-Mar-2016 05:35:00,98,100,2.37, 
zNRP_cals,NOXCON,GASCALS,PREC,23-Mar-2016 05:30:00,23-Mar-2016 05:40:00,99,100,.98, 
zNRP_cals,NOXCON,GASCALS,ZERO,23-Mar-2016 05:30:00,23-Mar-2016 05:45:00,98,100,1.68, 
zNRP_cals,O3-cal,GASCALS,SPAN,23-Mar-2016 05:30:00,23-Mar-2016 05:35:00,348,348,.03, 
zNRP_cals,O3-cal,GASCALS,PREC,23-Mar-2016 05:30:00,23-Mar-2016 05:40:00,66,67,.95, 
zNRP_cals,O3-cal,GASCALS,ZERO,23-Mar-2016 05:30:00,23-Mar-2016 05:45:00,1,0.0,.72, 
zNRP_cals,O3-cal,GASCALS%,SPAN,23-Mar-2016 05:57:00,23-Mar-2016 06:02:00,0,0.0,.03, 
zNRP_cals,O3-cal,GASCALS%,PREC,23-Mar-2016 05:57:00,23-Mar-2016 06:07:05,-1,0.0,-.95, 
zNRP_cals,O3-cal,GASCALS%,ZERO,23-Mar-2016 05:57:00,23-Mar-2016 06:12:05,1,0.0,.72, 
zNRP_cals,NO2-cal,GASCALS,SPAN,24-Mar-2016 05:30:00,24-Mar-2016 05:35:00,371,373.142,.47, 
zNRP_cals,NO2-cal,GASCALS,PREC,24-Mar-2016 05:30:00,24-Mar-2016 05:40:00,70,69.224,1.02, 
zNRP_cals,NO2-cal,GASCALS,ZERO,24-Mar-2016 05:30:00,24-Mar-2016 05:45:00,0,0.0,.05, 
zNRP_cals,NO2-cal,GASCALS%,SPAN,24-Mar-2016 05:57:00,24-Mar-2016 06:02:02,0,0.0,-.47, 
zNRP_cals,NO2-cal,GASCALS%,PREC,24-Mar-2016 05:57:00,24-Mar-2016 06:07:07,1,0.0,1.02, 
zNRP_cals,NO2-cal,GASCALS%,ZERO,24-Mar-2016 05:57:00,24-Mar-2016 06:12:07,0,0.0,.05, 
zNRP_cals,NO-cal,GASCALS,SPAN,24-Mar-2016 05:30:00,24-Mar-2016 05:35:00,452,456.4,.92, 
zNRP_cals,NO-cal,GASCALS,PREC,24-Mar-2016 05:30:00,24-Mar-2016 05:40:00,197,204.6,3.82, 
zNRP_cals,NO-cal,GASCALS,ZERO,24-Mar-2016 05:30:00,24-Mar-2016 05:45:00,0,0.0,.2, 
zNRP_cals,NO-cal,GASCALS%,SPAN,24-Mar-2016 05:57:00,24-Mar-2016 06:02:02,-1,0.0,-.92, 
zNRP_cals,NO-cal,GASCALS%,PREC,24-Mar-2016 05:57:00,24-Mar-2016 06:07:07,-4,0.0,-3.82, 
zNRP_cals,NO-cal,GASCALS%,ZERO,24-Mar-2016 05:57:00,24-Mar-2016 06:12:07,0,0.0,.2, 
zNRP_cals,NOX-cal,GASCALS,SPAN,24-Mar-2016 05:30:00,24-Mar-2016 05:35:00,452,456.4,1.02, 
zNRP_cals,NOX-cal,GASCALS,PREC,24-Mar-2016 05:30:00,24-Mar-2016 05:40:00,198,204.6,3.39, 
zNRP_cals,NOX-cal,GASCALS,ZERO,24-Mar-2016 05:30:00,24-Mar-2016 05:45:00,0,0.0,.26, 
zNRP_cals,NOX-cal,GASCALS%,SPAN,24-Mar-2016 05:57:00,24-Mar-2016 06:02:02,-1,0.0,-1.02, 
zNRP_cals,NOX-cal,GASCALS%,PREC,24-Mar-2016 05:57:00,24-Mar-2016 06:07:07,-3,0.0,-3.39, 
zNRP_cals,NOX-cal,GASCALS%,ZERO,24-Mar-2016 05:57:00,24-Mar-2016 06:12:07,0,0.0,.26, 
zNRP_cals,NOXCON,GASCALS,SPAN,24-Mar-2016 05:30:00,24-Mar-2016 05:35:00,98,100,1.79, 
zNRP_cals,NOXCON,GASCALS,PREC,24-Mar-2016 05:30:00,24-Mar-2016 05:40:00,98,100,1.56, 
zNRP_cals,NOXCON,GASCALS,ZERO,24-Mar-2016 05:30:00,24-Mar-2016 05:45:00,98,100,1.68, 
zNRP_cals,O3-cal,GASCALS,SPAN,24-Mar-2016 05:30:00,24-Mar-2016 05:35:00,349,348,.38, 
zNRP_cals,O3-cal,GASCALS,PREC,24-Mar-2016 05:30:00,24-Mar-2016 05:40:00,67,67,.01, 
zNRP_cals,O3-cal,GASCALS,ZERO,24-Mar-2016 05:30:00,24-Mar-2016 05:45:00,1,0.0,.92, 
zNRP_cals,O3-cal,GASCALS%,SPAN,24-Mar-2016 05:57:00,24-Mar-2016 06:02:02,0,0.0,.38, 
zNRP_cals,O3-cal,GASCALS%,PREC,24-Mar-2016 05:57:00,24-Mar-2016 06:07:07,0,0.0,-.01, 
zNRP_cals,O3-cal,GASCALS%,ZERO,24-Mar-2016 05:57:00,24-Mar-2016 06:12:07,1,0.0,.92, 
zNRP_cals,NO2-cal,GASCALS,SPAN,25-Mar-2016 05:30:00,25-Mar-2016 05:35:00,370,372.196,.7, 
zNRP_cals,NO2-cal,GASCALS,PREC,25-Mar-2016 05:30:00,25-Mar-2016 05:40:00,68,68.132,.28, 
zNRP_cals,NO2-cal,GASCALS,ZERO,25-Mar-2016 05:30:00,25-Mar-2016 05:45:00,0,0.0,.04, 
zNRP_cals,NO2-cal,GASCALS%,SPAN,25-Mar-2016 05:57:00,25-Mar-2016 06:02:02,-1,0.0,-.7, 
zNRP_cals,NO2-cal,GASCALS%,PREC,25-Mar-2016 05:57:00,25-Mar-2016 06:07:07,0,0.0,-.28, 
zNRP_cals,NO2-cal,GASCALS%,ZERO,25-Mar-2016 05:57:00,25-Mar-2016 06:12:07,0,0.0,.04, 
zNRP_cals,NO-cal,GASCALS,SPAN,25-Mar-2016 05:30:00,25-Mar-2016 05:35:00,449,456.4,1.56, 
zNRP_cals,NO-cal,GASCALS,PREC,25-Mar-2016 05:30:00,25-Mar-2016 05:40:00,196,204.6,4.1, 
zNRP_cals,NO-cal,GASCALS,ZERO,25-Mar-2016 05:30:00,25-Mar-2016 05:45:00,0,0.0,.2, 
zNRP_cals,NO-cal,GASCALS%,SPAN,25-Mar-2016 05:57:00,25-Mar-2016 06:02:02,-2,0.0,-1.56, 
zNRP_cals,NO-cal,GASCALS%,PREC,25-Mar-2016 05:57:00,25-Mar-2016 06:07:07,-4,0.0,-4.1, 
zNRP_cals,NO-cal,GASCALS%,ZERO,25-Mar-2016 05:57:00,25-Mar-2016 06:12:07,0,0.0,.2, 
zNRP_cals,NOX-cal,GASCALS,SPAN,25-Mar-2016 05:30:00,25-Mar-2016 05:35:00,449,456.4,1.54, 
zNRP_cals,NOX-cal,GASCALS,PREC,25-Mar-2016 05:30:00,25-Mar-2016 05:40:00,197,204.6,3.66, 
zNRP_cals,NOX-cal,GASCALS,ZERO,25-Mar-2016 05:30:00,25-Mar-2016 05:45:00,0,0.0,.26, 
zNRP_cals,NOX-cal,GASCALS%,SPAN,25-Mar-2016 05:57:00,25-Mar-2016 06:02:02,-2,0.0,-1.54, 
zNRP_cals,NOX-cal,GASCALS%,PREC,25-Mar-2016 05:57:00,25-Mar-2016 06:07:07,-4,0.0,-3.66, 
zNRP_cals,NOX-cal,GASCALS%,ZERO,25-Mar-2016 05:57:00,25-Mar-2016 06:12:07,0,0.0,.26, 
zNRP_cals,NOXCON,GASCALS,SPAN,25-Mar-2016 05:30:00,25-Mar-2016 05:35:00,99,100,1.19, 
zNRP_cals,NOXCON,GASCALS,PREC,25-Mar-2016 05:30:00,25-Mar-2016 05:40:00,99,100,1.31, 
zNRP_cals,NOXCON,GASCALS,ZERO,25-Mar-2016 05:30:00,25-Mar-2016 05:45:00,99,100,1.25, 
zNRP_cals,O3-cal,GASCALS,SPAN,25-Mar-2016 05:30:00,25-Mar-2016 05:35:00,348,348,.14, 
zNRP_cals,O3-cal,GASCALS,PREC,25-Mar-2016 05:30:00,25-Mar-2016 05:40:00,66,67,1.54, 
zNRP_cals,O3-cal,GASCALS,ZERO,25-Mar-2016 05:30:00,25-Mar-2016 05:45:00,0,0.0,.43, 
zNRP_cals,O3-cal,GASCALS%,SPAN,25-Mar-2016 05:57:00,25-Mar-2016 06:02:02,0,0.0,.14, 
zNRP_cals,O3-cal,GASCALS%,PREC,25-Mar-2016 05:57:00,25-Mar-2016 06:07:07,-2,0.0,-1.54, 
zNRP_cals,O3-cal,GASCALS%,ZERO,25-Mar-2016 05:57:00,25-Mar-2016 06:12:07,0,0.0,.43, 
zNRP_cals,NO2-cal,GASCALS,SPAN,26-Mar-2016 05:30:00,26-Mar-2016 05:35:00,369,374.62,1.51, 
zNRP_cals,NO2-cal,GASCALS,PREC,26-Mar-2016 05:30:00,26-Mar-2016 05:40:00,69,69.646,.63, 
zNRP_cals,NO2-cal,GASCALS,ZERO,26-Mar-2016 05:30:00,26-Mar-2016 05:45:00,0,0.0,-.05, 
zNRP_cals,NO2-cal,GASCALS%,SPAN,26-Mar-2016 05:57:00,26-Mar-2016 06:02:02,-2,0.0,-1.51, 
zNRP_cals,NO2-cal,GASCALS%,PREC,26-Mar-2016 05:57:00,26-Mar-2016 06:07:07,-1,0.0,-.63, 
zNRP_cals,NO2-cal,GASCALS%,ZERO,26-Mar-2016 05:57:00,26-Mar-2016 06:12:07,0,0.0,-.05, 
zNRP_cals,NO-cal,GASCALS,SPAN,26-Mar-2016 05:30:00,26-Mar-2016 05:35:00,448,456.4,1.8, 
zNRP_cals,NO-cal,GASCALS,PREC,26-Mar-2016 05:30:00,26-Mar-2016 05:40:00,196,204.6,3.97, 
zNRP_cals,NO-cal,GASCALS,ZERO,26-Mar-2016 05:30:00,26-Mar-2016 05:45:00,0,0.0,.31, 
zNRP_cals,NO-cal,GASCALS%,SPAN,26-Mar-2016 05:57:00,26-Mar-2016 06:02:02,-2,0.0,-1.8, 
zNRP_cals,NO-cal,GASCALS%,PREC,26-Mar-2016 05:57:00,26-Mar-2016 06:07:07,-4,0.0,-3.97, 
zNRP_cals,NO-cal,GASCALS%,ZERO,26-Mar-2016 05:57:00,26-Mar-2016 06:12:07,0,0.0,.31, 
zNRP_cals,NOX-cal,GASCALS,SPAN,26-Mar-2016 05:30:00,26-Mar-2016 05:35:00,447,456.4,1.96, 
zNRP_cals,NOX-cal,GASCALS,PREC,26-Mar-2016 05:30:00,26-Mar-2016 05:40:00,196,204.6,4, 
zNRP_cals,NOX-cal,GASCALS,ZERO,26-Mar-2016 05:30:00,26-Mar-2016 05:45:00,0,0.0,.32, 
zNRP_cals,NOX-cal,GASCALS%,SPAN,26-Mar-2016 05:57:00,26-Mar-2016 06:02:02,-2,0.0,-1.96, 
zNRP_cals,NOX-cal,GASCALS%,PREC,26-Mar-2016 05:57:00,26-Mar-2016 06:07:07,-4,0.0,-4, 
zNRP_cals,NOX-cal,GASCALS%,ZERO,26-Mar-2016 05:57:00,26-Mar-2016 06:12:07,0,0.0,.32, 
zNRP_cals,NOXCON,GASCALS,SPAN,26-Mar-2016 05:30:00,26-Mar-2016 05:35:00,99,100,1.2, 
zNRP_cals,NOXCON,GASCALS,PREC,26-Mar-2016 05:30:00,26-Mar-2016 05:40:00,100,100,.13, 
zNRP_cals,NOXCON,GASCALS,ZERO,26-Mar-2016 05:30:00,26-Mar-2016 05:45:00,99,100,.67, 
zNRP_cals,O3-cal,GASCALS,SPAN,26-Mar-2016 05:30:00,26-Mar-2016 05:35:00,349,348,.21, 
zNRP_cals,O3-cal,GASCALS,PREC,26-Mar-2016 05:30:00,26-Mar-2016 05:40:00,67,67,.54, 
zNRP_cals,O3-cal,GASCALS,ZERO,26-Mar-2016 05:30:00,26-Mar-2016 05:45:00,1,0.0,.67, 
zNRP_cals,O3-cal,GASCALS%,SPAN,26-Mar-2016 05:57:00,26-Mar-2016 06:02:02,0,0.0,.21, 
zNRP_cals,O3-cal,GASCALS%,PREC,26-Mar-2016 05:57:00,26-Mar-2016 06:07:07,-1,0.0,-.54, 
zNRP_cals,O3-cal,GASCALS%,ZERO,26-Mar-2016 05:57:00,26-Mar-2016 06:12:07,1,0.0,.67, 
zNRP_cals,NO2-cal,GASCALS,SPAN,27-Mar-2016 05:30:00,27-Mar-2016 05:35:00,368,374.039,1.5, 
zNRP_cals,NO2-cal,GASCALS,PREC,27-Mar-2016 05:30:00,27-Mar-2016 05:40:00,71,69.59,1.46, 
zNRP_cals,NO2-cal,GASCALS,ZERO,27-Mar-2016 05:30:00,27-Mar-2016 05:45:00,0,0.0,.05, 
zNRP_cals,NO2-cal,GASCALS%,SPAN,27-Mar-2016 05:57:00,27-Mar-2016 06:02:03,-1,0.0,-1.5, 
zNRP_cals,NO2-cal,GASCALS%,PREC,27-Mar-2016 05:57:00,27-Mar-2016 06:07:08,1,0.0,1.46, 
zNRP_cals,NO2-cal,GASCALS%,ZERO,27-Mar-2016 05:57:00,27-Mar-2016 06:12:08,0,0.0,.05, 
zNRP_cals,NO-cal,GASCALS,SPAN,27-Mar-2016 05:30:00,27-Mar-2016 05:35:00,449,456.4,1.71, 
zNRP_cals,NO-cal,GASCALS,PREC,27-Mar-2016 05:30:00,27-Mar-2016 05:40:00,196,204.6,4.17, 
zNRP_cals,NO-cal,GASCALS,ZERO,27-Mar-2016 05:30:00,27-Mar-2016 05:45:00,0,0.0,.22, 
zNRP_cals,NO-cal,GASCALS%,SPAN,27-Mar-2016 05:57:00,27-Mar-2016 06:02:03,-2,0.0,-1.71, 
zNRP_cals,NO-cal,GASCALS%,PREC,27-Mar-2016 05:57:00,27-Mar-2016 06:07:08,-4,0.0,-4.17, 
zNRP_cals,NO-cal,GASCALS%,ZERO,27-Mar-2016 05:57:00,27-Mar-2016 06:12:08,0,0.0,.22, 
zNRP_cals,NOX-cal,GASCALS,SPAN,27-Mar-2016 05:30:00,27-Mar-2016 05:35:00,448,456.4,1.91, 
zNRP_cals,NOX-cal,GASCALS,PREC,27-Mar-2016 05:30:00,27-Mar-2016 05:40:00,197,204.6,3.92, 
zNRP_cals,NOX-cal,GASCALS,ZERO,27-Mar-2016 05:30:00,27-Mar-2016 05:45:00,0,0.0,.37, 
zNRP_cals,NOX-cal,GASCALS%,SPAN,27-Mar-2016 05:57:00,27-Mar-2016 06:02:03,-2,0.0,-1.91, 
zNRP_cals,NOX-cal,GASCALS%,PREC,27-Mar-2016 05:57:00,27-Mar-2016 06:07:08,-4,0.0,-3.92, 
zNRP_cals,NOX-cal,GASCALS%,ZERO,27-Mar-2016 05:57:00,27-Mar-2016 06:12:08,0,0.0,.37, 
zNRP_cals,NOXCON,GASCALS,SPAN,27-Mar-2016 05:30:00,27-Mar-2016 05:35:00,98,100,1.53, 
zNRP_cals,NOXCON,GASCALS,PREC,27-Mar-2016 05:30:00,27-Mar-2016 05:40:00,100,100,.28, 
zNRP_cals,NOXCON,GASCALS,ZERO,27-Mar-2016 05:30:00,27-Mar-2016 05:45:00,99,100,.62, 
zNRP_cals,O3-cal,GASCALS,SPAN,27-Mar-2016 05:30:00,27-Mar-2016 05:35:00,348,348,.03, 
zNRP_cals,O3-cal,GASCALS,PREC,27-Mar-2016 05:30:00,27-Mar-2016 05:40:00,66,67,1.03, 
zNRP_cals,O3-cal,GASCALS,ZERO,27-Mar-2016 05:30:00,27-Mar-2016 05:45:00,1,0.0,1.02, 
zNRP_cals,O3-cal,GASCALS%,SPAN,27-Mar-2016 05:57:00,27-Mar-2016 06:02:03,0,0.0,.03, 
zNRP_cals,O3-cal,GASCALS%,PREC,27-Mar-2016 05:57:00,27-Mar-2016 06:07:08,-1,0.0,-1.03, 
zNRP_cals,O3-cal,GASCALS%,ZERO,27-Mar-2016 05:57:00,27-Mar-2016 06:12:08,1,0.0,1.02, 
zNRP_cals,NO2-cal,GASCALS,SPAN,28-Mar-2016 05:30:00,28-Mar-2016 05:35:00,371,376.513,1.48, 
zNRP_cals,NO2-cal,GASCALS,PREC,28-Mar-2016 05:30:00,28-Mar-2016 05:40:00,71,68.649,3.11, 
zNRP_cals,NO2-cal,GASCALS,ZERO,28-Mar-2016 05:30:00,28-Mar-2016 05:45:00,0,0.0,.12, 
zNRP_cals,NO2-cal,GASCALS%,SPAN,28-Mar-2016 05:57:00,28-Mar-2016 06:02:01,-1,0.0,-1.48, 
zNRP_cals,NO2-cal,GASCALS%,PREC,28-Mar-2016 05:57:00,28-Mar-2016 06:07:06,3,0.0,3.11, 
zNRP_cals,NO2-cal,GASCALS%,ZERO,28-Mar-2016 05:57:00,28-Mar-2016 06:12:06,0,0.0,.12, 
zNRP_cals,NO-cal,GASCALS,SPAN,28-Mar-2016 05:30:00,28-Mar-2016 05:35:00,449,456.4,1.66, 
zNRP_cals,NO-cal,GASCALS,PREC,28-Mar-2016 05:30:00,28-Mar-2016 05:40:00,196,204.6,4.06, 
zNRP_cals,NO-cal,GASCALS,ZERO,28-Mar-2016 05:30:00,28-Mar-2016 05:45:00,0,0.0,.18, 
zNRP_cals,NO-cal,GASCALS%,SPAN,28-Mar-2016 05:57:00,28-Mar-2016 06:02:01,-2,0.0,-1.66, 
zNRP_cals,NO-cal,GASCALS%,PREC,28-Mar-2016 05:57:00,28-Mar-2016 06:07:06,-4,0.0,-4.06, 
zNRP_cals,NO-cal,GASCALS%,ZERO,28-Mar-2016 05:57:00,28-Mar-2016 06:12:06,0,0.0,.18, 
zNRP_cals,NOX-cal,GASCALS,SPAN,28-Mar-2016 05:30:00,28-Mar-2016 05:35:00,448,456.4,1.82, 
zNRP_cals,NOX-cal,GASCALS,PREC,28-Mar-2016 05:30:00,28-Mar-2016 05:40:00,197,204.6,3.9, 
zNRP_cals,NOX-cal,GASCALS,ZERO,28-Mar-2016 05:30:00,28-Mar-2016 05:45:00,0,0.0,.28, 
zNRP_cals,NOX-cal,GASCALS%,SPAN,28-Mar-2016 05:57:00,28-Mar-2016 06:02:01,-2,0.0,-1.82, 
zNRP_cals,NOX-cal,GASCALS%,PREC,28-Mar-2016 05:57:00,28-Mar-2016 06:07:06,-4,0.0,-3.9, 
zNRP_cals,NOX-cal,GASCALS%,ZERO,28-Mar-2016 05:57:00,28-Mar-2016 06:12:06,0,0.0,.28, 
zNRP_cals,NOXCON,GASCALS,SPAN,28-Mar-2016 05:30:00,28-Mar-2016 05:35:00,99,100,1.41, 
zNRP_cals,NOXCON,GASCALS,PREC,28-Mar-2016 05:30:00,28-Mar-2016 05:40:00,101,100,1.38, 
zNRP_cals,NOXCON,GASCALS,ZERO,28-Mar-2016 05:30:00,28-Mar-2016 05:45:00,100,100,.01, 
zNRP_cals,O3-cal,GASCALS,SPAN,28-Mar-2016 05:30:00,28-Mar-2016 05:35:00,348,348,.03, 
zNRP_cals,O3-cal,GASCALS,PREC,28-Mar-2016 05:30:00,28-Mar-2016 05:40:00,66,67,2.07, 
zNRP_cals,O3-cal,GASCALS,ZERO,28-Mar-2016 05:30:00,28-Mar-2016 05:45:00,0,0.0,.39, 
zNRP_cals,O3-cal,GASCALS%,SPAN,28-Mar-2016 05:57:00,28-Mar-2016 06:02:01,0,0.0,-.03, 
zNRP_cals,O3-cal,GASCALS%,PREC,28-Mar-2016 05:57:00,28-Mar-2016 06:07:06,-2,0.0,-2.07, 
zNRP_cals,O3-cal,GASCALS%,ZERO,28-Mar-2016 05:57:00,28-Mar-2016 06:12:06,0,0.0,.39, 
zNRP_cals,NO2-cal,GASCALS,SPAN,29-Mar-2016 05:30:00,29-Mar-2016 05:35:00,373,375.656,.66, 
zNRP_cals,NO2-cal,GASCALS,PREC,29-Mar-2016 05:30:00,29-Mar-2016 05:40:00,69,68.999,.72, 
zNRP_cals,NO2-cal,GASCALS,ZERO,29-Mar-2016 05:30:00,29-Mar-2016 05:45:00,0,0.0,.06, 
zNRP_cals,NO2-cal,GASCALS%,SPAN,29-Mar-2016 05:57:00,29-Mar-2016 06:01:59,-1,0.0,-.66, 
zNRP_cals,NO2-cal,GASCALS%,PREC,29-Mar-2016 05:57:00,29-Mar-2016 06:07:04,-1,0.0,-.72, 
zNRP_cals,NO2-cal,GASCALS%,ZERO,29-Mar-2016 05:57:00,29-Mar-2016 06:12:04,0,0.0,.06, 
zNRP_cals,NO-cal,GASCALS,SPAN,29-Mar-2016 05:30:00,29-Mar-2016 05:35:00,451,450.8,.04, 
zNRP_cals,NO-cal,GASCALS,PREC,29-Mar-2016 05:30:00,29-Mar-2016 05:40:00,196,199.1,1.45, 
zNRP_cals,NO-cal,GASCALS,ZERO,29-Mar-2016 05:30:00,29-Mar-2016 05:45:00,0,0.0,.19, 
zNRP_cals,NO-cal,GASCALS%,SPAN,29-Mar-2016 05:57:00,29-Mar-2016 06:01:59,0,0.0,-.04, 
zNRP_cals,NO-cal,GASCALS%,PREC,29-Mar-2016 05:57:00,29-Mar-2016 06:07:04,-1,0.0,-1.45, 
zNRP_cals,NO-cal,GASCALS%,ZERO,29-Mar-2016 05:57:00,29-Mar-2016 06:12:04,0,0.0,.19, 
zNRP_cals,NOX-cal,GASCALS,SPAN,29-Mar-2016 05:30:00,29-Mar-2016 05:35:00,451,450.8,.03, 
zNRP_cals,NOX-cal,GASCALS,PREC,29-Mar-2016 05:30:00,29-Mar-2016 05:40:00,197,199.1,1.24, 
zNRP_cals,NOX-cal,GASCALS,ZERO,29-Mar-2016 05:30:00,29-Mar-2016 05:45:00,0,0.0,.31, 
zNRP_cals,NOX-cal,GASCALS%,SPAN,29-Mar-2016 05:57:00,29-Mar-2016 06:01:59,0,0.0,-.03, 
zNRP_cals,NOX-cal,GASCALS%,PREC,29-Mar-2016 05:57:00,29-Mar-2016 06:07:04,-1,0.0,-1.24, 
zNRP_cals,NOX-cal,GASCALS%,ZERO,29-Mar-2016 05:57:00,29-Mar-2016 06:12:04,0,0.0,.31, 
zNRP_cals,NOXCON,GASCALS,SPAN,29-Mar-2016 05:30:00,29-Mar-2016 05:35:00,98,100,1.56, 
zNRP_cals,NOXCON,GASCALS,PREC,29-Mar-2016 05:30:00,29-Mar-2016 05:40:00,99,100,1.15, 
zNRP_cals,NOXCON,GASCALS,ZERO,29-Mar-2016 05:30:00,29-Mar-2016 05:45:00,99,100,1.35, 
zNRP_cals,O3-cal,GASCALS,SPAN,29-Mar-2016 05:30:00,29-Mar-2016 05:35:00,347,348,.25, 
zNRP_cals,O3-cal,GASCALS,PREC,29-Mar-2016 05:30:00,29-Mar-2016 05:40:00,66,67,1.48, 
zNRP_cals,O3-cal,GASCALS,ZERO,29-Mar-2016 05:30:00,29-Mar-2016 05:45:00,1,0.0,.69, 
zNRP_cals,O3-cal,GASCALS%,SPAN,29-Mar-2016 05:57:00,29-Mar-2016 06:01:59,0,0.0,-.25, 
zNRP_cals,O3-cal,GASCALS%,PREC,29-Mar-2016 05:57:00,29-Mar-2016 06:07:04,-1,0.0,-1.48, 
zNRP_cals,O3-cal,GASCALS%,ZERO,29-Mar-2016 05:57:00,29-Mar-2016 06:12:04,1,0.0,.69, 
zNRP_cals,NO2-cal,GASCALS,SPAN,30-Mar-2016 05:30:00,30-Mar-2016 05:35:00,367,373.46,1.72, 
zNRP_cals,NO2-cal,GASCALS,PREC,30-Mar-2016 05:30:00,30-Mar-2016 05:40:00,71,69.786,1.06, 
zNRP_cals,NO2-cal,GASCALS,ZERO,30-Mar-2016 05:30:00,30-Mar-2016 05:45:00,0,0.0,.04, 
zNRP_cals,NO2-cal,GASCALS%,SPAN,30-Mar-2016 05:57:00,30-Mar-2016 06:02:00,-2,0.0,-1.72, 
zNRP_cals,NO2-cal,GASCALS%,PREC,30-Mar-2016 05:57:00,30-Mar-2016 06:07:05,1,0.0,1.06, 
zNRP_cals,NO2-cal,GASCALS%,ZERO,30-Mar-2016 05:57:00,30-Mar-2016 06:12:05,0,0.0,.04, 
zNRP_cals,NO-cal,GASCALS,SPAN,30-Mar-2016 05:30:00,30-Mar-2016 05:35:00,448,450.8,.67, 
zNRP_cals,NO-cal,GASCALS,PREC,30-Mar-2016 05:30:00,30-Mar-2016 05:40:00,196,199.1,1.71, 
zNRP_cals,NO-cal,GASCALS,ZERO,30-Mar-2016 05:30:00,30-Mar-2016 05:45:00,0,0.0,.32, 
zNRP_cals,NO-cal,GASCALS%,SPAN,30-Mar-2016 05:57:00,30-Mar-2016 06:02:00,-1,0.0,-.67, 
zNRP_cals,NO-cal,GASCALS%,PREC,30-Mar-2016 05:57:00,30-Mar-2016 06:07:05,-2,0.0,-1.71, 
zNRP_cals,NO-cal,GASCALS%,ZERO,30-Mar-2016 05:57:00,30-Mar-2016 06:12:05,0,0.0,.32, 
zNRP_cals,NOX-cal,GASCALS,SPAN,30-Mar-2016 05:30:00,30-Mar-2016 05:35:00,448,450.8,.72, 
zNRP_cals,NOX-cal,GASCALS,PREC,30-Mar-2016 05:30:00,30-Mar-2016 05:40:00,197,199.1,.97, 
zNRP_cals,NOX-cal,GASCALS,ZERO,30-Mar-2016 05:30:00,30-Mar-2016 05:45:00,0,0.0,.42, 
zNRP_cals,NOX-cal,GASCALS%,SPAN,30-Mar-2016 05:57:00,30-Mar-2016 06:02:00,-1,0.0,-.72, 
zNRP_cals,NOX-cal,GASCALS%,PREC,30-Mar-2016 05:57:00,30-Mar-2016 06:07:05,-1,0.0,-.97, 
zNRP_cals,NOX-cal,GASCALS%,ZERO,30-Mar-2016 05:57:00,30-Mar-2016 06:12:05,0,0.0,.42, 
zNRP_cals,NOXCON,GASCALS,SPAN,30-Mar-2016 05:30:00,30-Mar-2016 05:35:00,98,100,1.94, 
zNRP_cals,NOXCON,GASCALS,PREC,30-Mar-2016 05:30:00,30-Mar-2016 05:40:00,99,100,1.43, 
zNRP_cals,NOXCON,GASCALS,ZERO,30-Mar-2016 05:30:00,30-Mar-2016 05:45:00,98,100,1.69, 
zNRP_cals,O3-cal,GASCALS,SPAN,30-Mar-2016 05:30:00,30-Mar-2016 05:35:00,348,348,.01, 
zNRP_cals,O3-cal,GASCALS,PREC,30-Mar-2016 05:30:00,30-Mar-2016 05:40:00,66,67,1.11, 
zNRP_cals,O3-cal,GASCALS,ZERO,30-Mar-2016 05:30:00,30-Mar-2016 05:45:00,1,0.0,.8, 
zNRP_cals,O3-cal,GASCALS%,SPAN,30-Mar-2016 05:57:00,30-Mar-2016 06:02:00,0,0.0,-.01, 
zNRP_cals,O3-cal,GASCALS%,PREC,30-Mar-2016 05:57:00,30-Mar-2016 06:07:05,-1,0.0,-1.11, 
zNRP_cals,O3-cal,GASCALS%,ZERO,30-Mar-2016 05:57:00,30-Mar-2016 06:12:05,1,0.0,.8, 
zNRP_cals,NO2-cal,GASCALS,SPAN,31-Mar-2016 05:30:00,31-Mar-2016 05:35:00,366,372.25,1.59, 
zNRP_cals,NO2-cal,GASCALS,PREC,31-Mar-2016 05:30:00,31-Mar-2016 05:40:00,71,70.308,1.7, 
zNRP_cals,NO2-cal,GASCALS,ZERO,31-Mar-2016 05:30:00,31-Mar-2016 05:45:00,0,0.0,.08, 
zNRP_cals,NO2-cal,GASCALS%,SPAN,31-Mar-2016 05:57:00,31-Mar-2016 06:02:00,-2,0.0,-1.59, 
zNRP_cals,NO2-cal,GASCALS%,PREC,31-Mar-2016 05:57:00,31-Mar-2016 06:07:05,2,0.0,1.7, 
zNRP_cals,NO2-cal,GASCALS%,ZERO,31-Mar-2016 05:57:00,31-Mar-2016 06:12:05,0,0.0,.08, 
zNRP_cals,NO-cal,GASCALS,SPAN,31-Mar-2016 05:30:00,31-Mar-2016 05:35:00,446,450.8,1.02, 
zNRP_cals,NO-cal,GASCALS,PREC,31-Mar-2016 05:30:00,31-Mar-2016 05:40:00,195,199.1,2.11, 
zNRP_cals,NO-cal,GASCALS,ZERO,31-Mar-2016 05:30:00,31-Mar-2016 05:45:00,0,0.0,.18, 
zNRP_cals,NO-cal,GASCALS%,SPAN,31-Mar-2016 05:57:00,31-Mar-2016 06:02:00,-1,0.0,-1.02, 
zNRP_cals,NO-cal,GASCALS%,PREC,31-Mar-2016 05:57:00,31-Mar-2016 06:07:05,-2,0.0,-2.11, 
zNRP_cals,NO-cal,GASCALS%,ZERO,31-Mar-2016 05:57:00,31-Mar-2016 06:12:05,0,0.0,.18, 
zNRP_cals,NOX-cal,GASCALS,SPAN,31-Mar-2016 05:30:00,31-Mar-2016 05:35:00,446,450.8,1.04, 
zNRP_cals,NOX-cal,GASCALS,PREC,31-Mar-2016 05:30:00,31-Mar-2016 05:40:00,196,199.1,1.55, 
zNRP_cals,NOX-cal,GASCALS,ZERO,31-Mar-2016 05:30:00,31-Mar-2016 05:45:00,0,0.0,.42, 
zNRP_cals,NOX-cal,GASCALS%,SPAN,31-Mar-2016 05:57:00,31-Mar-2016 06:02:00,-1,0.0,-1.04, 
zNRP_cals,NOX-cal,GASCALS%,PREC,31-Mar-2016 05:57:00,31-Mar-2016 06:07:05,-2,0.0,-1.55, 
zNRP_cals,NOX-cal,GASCALS%,ZERO,31-Mar-2016 05:57:00,31-Mar-2016 06:12:05,0,0.0,.42, 
zNRP_cals,NOXCON,GASCALS,SPAN,31-Mar-2016 05:30:00,31-Mar-2016 05:35:00,98,100,1.54, 
zNRP_cals,NOXCON,GASCALS,PREC,31-Mar-2016 05:30:00,31-Mar-2016 05:40:00,100,100,.37, 
zNRP_cals,NOXCON,GASCALS,ZERO,31-Mar-2016 05:30:00,31-Mar-2016 05:45:00,99,100,.95, 
zNRP_cals,O3-cal,GASCALS,SPAN,31-Mar-2016 05:30:00,31-Mar-2016 05:35:00,348,348,.09, 
zNRP_cals,O3-cal,GASCALS,PREC,31-Mar-2016 05:30:00,31-Mar-2016 05:40:00,66,67,1.75, 
zNRP_cals,O3-cal,GASCALS,ZERO,31-Mar-2016 05:30:00,31-Mar-2016 05:45:00,0,0.0,.4, 
zNRP_cals,O3-cal,GASCALS%,SPAN,31-Mar-2016 05:57:00,31-Mar-2016 06:02:00,0,0.0,-.09, 
zNRP_cals,O3-cal,GASCALS%,PREC,31-Mar-2016 05:57:00,31-Mar-2016 06:07:05,-2,0.0,-1.75, 
zNRP_cals,O3-cal,GASCALS%,ZERO,31-Mar-2016 05:57:00,31-Mar-2016 06:12:05,0,0.0,.4, 
